-- MySQL dump 10.13  Distrib 8.0.29, for Linux (x86_64)
--
-- Host: 159.89.209.159    Database: irc
-- ------------------------------------------------------
-- Server version	8.0.32

/*!40101 SET @OLD_CHARACTER_SET_CLIENT=@@CHARACTER_SET_CLIENT */;
/*!40101 SET @OLD_CHARACTER_SET_RESULTS=@@CHARACTER_SET_RESULTS */;
/*!40101 SET @OLD_COLLATION_CONNECTION=@@COLLATION_CONNECTION */;
/*!50503 SET NAMES utf8 */;
/*!40103 SET @OLD_TIME_ZONE=@@TIME_ZONE */;
/*!40103 SET TIME_ZONE='+00:00' */;
/*!40014 SET @OLD_UNIQUE_CHECKS=@@UNIQUE_CHECKS, UNIQUE_CHECKS=0 */;
/*!40014 SET @OLD_FOREIGN_KEY_CHECKS=@@FOREIGN_KEY_CHECKS, FOREIGN_KEY_CHECKS=0 */;
/*!40101 SET @OLD_SQL_MODE=@@SQL_MODE, SQL_MODE='NO_AUTO_VALUE_ON_ZERO' */;
/*!40111 SET @OLD_SQL_NOTES=@@SQL_NOTES, SQL_NOTES=0 */;

--
-- Table structure for table `fraction_payment_request`
--

DROP TABLE IF EXISTS `fraction_payment_request`;
/*!40101 SET @saved_cs_client     = @@character_set_client */;
/*!50503 SET character_set_client = utf8mb4 */;
CREATE TABLE `fraction_payment_request` (
  `id` int NOT NULL AUTO_INCREMENT,
  `property_id` int NOT NULL,
  `user_id` int NOT NULL,
  `fractions` float NOT NULL,
  `total_amount` float NOT NULL,
  `sender_name` varchar(45) CHARACTER SET utf8mb4 COLLATE utf8mb4_unicode_ci NOT NULL,
  `sender_bank_account_no` text CHARACTER SET utf8mb4 COLLATE utf8mb4_unicode_ci NOT NULL,
  `sender_bank_name` text CHARACTER SET utf8mb4 COLLATE utf8mb4_unicode_ci NOT NULL,
  `transaction_description` text CHARACTER SET utf8mb4 COLLATE utf8mb4_unicode_ci NOT NULL,
  `hash` text CHARACTER SET utf8mb4 COLLATE utf8mb4_unicode_ci NOT NULL,
  `status` enum('CONFIRMED','PENDING','REJECTED') CHARACTER SET utf8mb4 COLLATE utf8mb4_unicode_ci NOT NULL DEFAULT 'PENDING',
  `transfer_status` enum('SUCCESS','PENDING','FAILED') CHARACTER SET utf8mb4 COLLATE utf8mb4_unicode_ci DEFAULT 'PENDING',
  `created_at` timestamp NOT NULL DEFAULT CURRENT_TIMESTAMP,
  `updated_at` timestamp NULL DEFAULT NULL,
  `total_fraction_transferred` int NOT NULL DEFAULT '0',
  PRIMARY KEY (`id`)
) ENGINE=InnoDB AUTO_INCREMENT=23 DEFAULT CHARSET=utf8mb4 COLLATE=utf8mb4_unicode_ci;
/*!40101 SET character_set_client = @saved_cs_client */;

--
-- Dumping data for table `fraction_payment_request`
--

LOCK TABLES `fraction_payment_request` WRITE;
/*!40000 ALTER TABLE `fraction_payment_request` DISABLE KEYS */;
INSERT INTO `fraction_payment_request` VALUES (16,5,41,1,100000,'Raman','12345678910','SBI','Desc','8364316779363430','CONFIRMED','SUCCESS','2023-03-04 13:25:42',NULL,0),(17,5,41,1,100000,'Raman','123456789102','SBI','Hello There','f510f16781834555','CONFIRMED','PENDING','2023-03-07 10:04:15',NULL,0),(18,5,69,2,200000,'Kalika Prasad Mishra','30808941095','State bank of india','8923787988932 - UTR','eeb1c16781898086','CONFIRMED','PENDING','2023-03-07 11:50:08',NULL,0),(19,5,41,1,100000,'Raman','145236569856','SBI','Asdf','184de16784297020','CONFIRMED','SUCCESS','2023-03-10 06:28:21',NULL,0),(20,5,73,1,100000,'Sahil','741258963565','SBI','ASDF','5871116784574804','CONFIRMED','SUCCESS','2023-03-10 14:11:20',NULL,0),(21,5,60,1,100000,'as','4564564','asa','as','a5f3c16787089073','CONFIRMED','SUCCESS','2023-03-13 12:01:47',NULL,0),(22,7,41,10,1000,'Raman','741258963523','SBI','ASDF','e185016789510065','CONFIRMED','SUCCESS','2023-03-16 07:16:46',NULL,10);
/*!40000 ALTER TABLE `fraction_payment_request` ENABLE KEYS */;
UNLOCK TABLES;

--
-- Table structure for table `ira_token_transactions`
--

DROP TABLE IF EXISTS `ira_token_transactions`;
/*!40101 SET @saved_cs_client     = @@character_set_client */;
/*!50503 SET character_set_client = utf8mb4 */;
CREATE TABLE `ira_token_transactions` (
  `id` int NOT NULL AUTO_INCREMENT,
  `wallet_address` text CHARACTER SET utf8mb4 COLLATE utf8mb4_unicode_ci,
  `transfer_from` text CHARACTER SET utf8mb4 COLLATE utf8mb4_unicode_ci NOT NULL,
  `transfer_to` text CHARACTER SET utf8mb4 COLLATE utf8mb4_unicode_ci NOT NULL,
  `gas_used` varchar(45) CHARACTER SET utf8mb4 COLLATE utf8mb4_unicode_ci NOT NULL,
  `transaction_hash` text CHARACTER SET utf8mb4 COLLATE utf8mb4_unicode_ci NOT NULL,
  `usdt_amount` varchar(45) CHARACTER SET utf8mb4 COLLATE utf8mb4_unicode_ci NOT NULL,
  `ira_amount` varchar(45) CHARACTER SET utf8mb4 COLLATE utf8mb4_unicode_ci NOT NULL,
  `event` enum('TRANSFER','SALE') CHARACTER SET utf8mb4 COLLATE utf8mb4_unicode_ci DEFAULT NULL,
  `created_at` timestamp NULL DEFAULT CURRENT_TIMESTAMP,
  `updated_at` timestamp NULL DEFAULT NULL,
  PRIMARY KEY (`id`)
) ENGINE=InnoDB AUTO_INCREMENT=11 DEFAULT CHARSET=utf8mb4 COLLATE=utf8mb4_unicode_ci;
/*!40101 SET character_set_client = @saved_cs_client */;

--
-- Dumping data for table `ira_token_transactions`
--

LOCK TABLES `ira_token_transactions` WRITE;
/*!40000 ALTER TABLE `ira_token_transactions` DISABLE KEYS */;
INSERT INTO `ira_token_transactions` VALUES (10,NULL,'0x610e84262a278e0aca36d32e08b822cc80fa5b85','0x4300bb96d9aee0fad62b4c2aeb614c258e374f20','46624','0xc3d46144df0de0ec73855a368f27097de5caea1e149507d34ad84c5ac8bdfd08','0','10','TRANSFER','2023-03-21 09:47:02',NULL);
/*!40000 ALTER TABLE `ira_token_transactions` ENABLE KEYS */;
UNLOCK TABLES;

--
-- Table structure for table `mint_properties_data`
--

DROP TABLE IF EXISTS `mint_properties_data`;
/*!40101 SET @saved_cs_client     = @@character_set_client */;
/*!50503 SET character_set_client = utf8mb4 */;
CREATE TABLE `mint_properties_data` (
  `id` bigint NOT NULL AUTO_INCREMENT,
  `token_id` text CHARACTER SET utf8mb4 COLLATE utf8mb4_0900_ai_ci NOT NULL,
  `uri` varchar(255) NOT NULL,
  `contract` varchar(255) NOT NULL,
  `last_sync_block` varchar(45) NOT NULL,
  `property_id` int DEFAULT NULL,
  `created_at` timestamp NULL DEFAULT CURRENT_TIMESTAMP,
  `updated_at` timestamp NULL DEFAULT NULL,
  `current_owner` text,
  PRIMARY KEY (`id`)
) ENGINE=InnoDB AUTO_INCREMENT=384 DEFAULT CHARSET=utf8mb4 COLLATE=utf8mb4_0900_ai_ci;
/*!40101 SET character_set_client = @saved_cs_client */;

--
-- Dumping data for table `mint_properties_data`
--

LOCK TABLES `mint_properties_data` WRITE;
/*!40000 ALTER TABLE `mint_properties_data` DISABLE KEYS */;
INSERT INTO `mint_properties_data` VALUES (4,'28','https://ipfs.io/ipfs/QmZXT6UrudmfqaMc5HpPCUatcsDDzXhcHUgsqnPEJfW6tn','0xC7B72C41BB8dAC3a1E12daA2EC91e5782858dBcb','27632376',1,'2023-03-10 05:34:29','2023-03-10 05:36:41','0x5bBCd2d5eF24E3F25f3795dac5f6B3999028E479'),(5,'29','https://ipfs.io/ipfs/QmUtzCUMS5HJhtXi1M52x8UjUmxWLJ5HaSSM61sQyeHKmd','0xC7B72C41BB8dAC3a1E12daA2EC91e5782858dBcb','27632376',1,'2023-03-10 05:34:45','2023-03-10 05:36:41','0x5bBCd2d5eF24E3F25f3795dac5f6B3999028E479'),(6,'30','https://ipfs.io/ipfs/QmYRNjSFMReJszpAXq8G2pr3uQH2CYHHQjRYDq5wwubi5i','0xC7B72C41BB8dAC3a1E12daA2EC91e5782858dBcb','27632376',1,'2023-03-10 05:34:57','2023-03-10 05:36:41','0x5bBCd2d5eF24E3F25f3795dac5f6B3999028E479'),(7,'25','https://ipfs.io/ipfs/QmXJy5BvDQ8o7ku5YFGnxZbkFPdozArDZ1yxR8yaYvbDzF','0xC7B72C41BB8dAC3a1E12daA2EC91e5782858dBcb','27632376',1,'2023-03-10 05:35:24','2023-03-10 05:36:41','0xeDc6f325639eEc7186E1Ddd702BFd6cCbe58c22B'),(8,'26','https://ipfs.io/ipfs/QmVyARpPY4unScV4iwq2j9MCNHv42N127trAsVzRDgauAU','0xC7B72C41BB8dAC3a1E12daA2EC91e5782858dBcb','27632376',1,'2023-03-10 05:35:34','2023-03-10 05:36:41','0x5bBCd2d5eF24E3F25f3795dac5f6B3999028E479'),(9,'27','https://ipfs.io/ipfs/QmTofQAPUcDRFMiq2YH7URJEFttV67KuWA48THeNqv8uGE','0xC7B72C41BB8dAC3a1E12daA2EC91e5782858dBcb','27632376',1,'2023-03-10 05:35:44','2023-03-10 05:36:41','0x5bBCd2d5eF24E3F25f3795dac5f6B3999028E479'),(10,'31','https://ipfs.io/ipfs/QmdCNpsDu7E5rvksauyoFsDK8qUhh6hUNMtnzkGFN34dmo','0xC7B72C41BB8dAC3a1E12daA2EC91e5782858dBcb','27632376',1,'2023-03-10 05:35:54',NULL,'0xf5781F4b93441172606db330A6B2d08aC7709496'),(11,'32','https://ipfs.io/ipfs/QmWDggVeb5Q5RRPrSm8tNMNJq5Gp2iy5rLcqJN9PCcaMEb','0xC7B72C41BB8dAC3a1E12daA2EC91e5782858dBcb','27632376',1,'2023-03-10 05:36:08',NULL,'0xf5781F4b93441172606db330A6B2d08aC7709496'),(12,'33','https://ipfs.io/ipfs/QmXvpG4N2UyYL8iTX7MUuia5Fu3Ud8hwGdsdbF43uN9SRv','0xC7B72C41BB8dAC3a1E12daA2EC91e5782858dBcb','27632376',1,'2023-03-10 05:36:27',NULL,'0xf5781F4b93441172606db330A6B2d08aC7709496'),(13,'34','https://ipfs.io/ipfs/Qmez54fn94ycdJsXGttV3GScF45vZaEni27mPvuY98Bhji','0xC7B72C41BB8dAC3a1E12daA2EC91e5782858dBcb','27632376',1,'2023-03-10 05:36:41',NULL,'0xf5781F4b93441172606db330A6B2d08aC7709496'),(14,'35','https://ipfs.io/ipfs/QmepTDQ8EvP2TSnD2SDfAAAJLjGJJHEdLe6ovgkMjEEjiC','0xC7B72C41BB8dAC3a1E12daA2EC91e5782858dBcb','27747736',2,'2023-03-10 05:36:53','2023-03-10 05:48:37','0xf5781F4b93441172606db330A6B2d08aC7709496'),(15,'36','https://ipfs.io/ipfs/QmSgRLgvFKMT3FSZiP33pQ8KDjyxzkjydCg2NiCDcjsJbz','0xC7B72C41BB8dAC3a1E12daA2EC91e5782858dBcb','27747736',2,'2023-03-10 05:37:03','2023-03-10 05:48:37','0xf5781F4b93441172606db330A6B2d08aC7709496'),(16,'37','https://ipfs.io/ipfs/QmQvhLHzSEgJcG91ZU1Ne9T9PUZwD9m647Fzm8NTW9U9BM','0xC7B72C41BB8dAC3a1E12daA2EC91e5782858dBcb','27747736',2,'2023-03-10 05:37:21','2023-03-10 05:48:37','0xf5781F4b93441172606db330A6B2d08aC7709496'),(17,'38','https://ipfs.io/ipfs/QmRR5EcgKj3qeKT4RXMcbG9Li6FGQS1YUCS3424tACyPmB','0xC7B72C41BB8dAC3a1E12daA2EC91e5782858dBcb','27747736',2,'2023-03-10 05:37:31','2023-03-10 05:48:37','0xf5781F4b93441172606db330A6B2d08aC7709496'),(18,'39','https://ipfs.io/ipfs/QmVG8Ato3HyByR4QeEeFXR6ztc8MhESB6Cmza4CgGJvU6A','0xC7B72C41BB8dAC3a1E12daA2EC91e5782858dBcb','27747736',2,'2023-03-10 05:37:42','2023-03-10 05:48:37','0xf5781F4b93441172606db330A6B2d08aC7709496'),(19,'40','https://ipfs.io/ipfs/QmZSQzvrG1ErMaQ4XGtrzeDJukf7SQnuw9c875QA98Frxn','0xC7B72C41BB8dAC3a1E12daA2EC91e5782858dBcb','27747736',2,'2023-03-10 05:37:52','2023-03-10 05:48:37','0xf5781F4b93441172606db330A6B2d08aC7709496'),(20,'41','https://ipfs.io/ipfs/QmcY5kz6M2zGQfEh6QrFwRZsBRrNojR3jmUKDh2VML6KkZ','0xC7B72C41BB8dAC3a1E12daA2EC91e5782858dBcb','27747736',2,'2023-03-10 05:38:02','2023-03-10 05:48:37','0xf5781F4b93441172606db330A6B2d08aC7709496'),(21,'42','https://ipfs.io/ipfs/QmS4RU9NY72APBzeAFgaAP5Rf3T4Qp1NEbbU9UuShyDi87','0xC7B72C41BB8dAC3a1E12daA2EC91e5782858dBcb','27747736',2,'2023-03-10 05:38:13','2023-03-10 05:48:37','0xf5781F4b93441172606db330A6B2d08aC7709496'),(22,'43','https://ipfs.io/ipfs/QmUnET8RYYZ2JCrtts6eSSLS8YLSCNCUpNWofGKxJ44yvA','0xC7B72C41BB8dAC3a1E12daA2EC91e5782858dBcb','27747736',2,'2023-03-10 05:38:23','2023-03-10 05:48:37','0xf5781F4b93441172606db330A6B2d08aC7709496'),(23,'44','https://ipfs.io/ipfs/QmQFUvQ7XSkRXXzGmZCayUTyPE4jfWFZaqxn7b5XwWzcv2','0xC7B72C41BB8dAC3a1E12daA2EC91e5782858dBcb','27747736',2,'2023-03-10 05:38:34','2023-03-10 05:48:37','0xf5781F4b93441172606db330A6B2d08aC7709496'),(24,'45','https://ipfs.io/ipfs/QmPNddE3iW34sJkzCLYZhbiW9Mm1i8LAScHw5RZqoW1K72','0xC7B72C41BB8dAC3a1E12daA2EC91e5782858dBcb','27747736',2,'2023-03-10 05:38:45','2023-03-10 05:48:37','0xf5781F4b93441172606db330A6B2d08aC7709496'),(25,'46','https://ipfs.io/ipfs/QmNjnU99RdL8EnuLib4f8kMBTfFBqw2oP9KX5yUtnZHiPk','0xC7B72C41BB8dAC3a1E12daA2EC91e5782858dBcb','27747736',2,'2023-03-10 05:39:13','2023-03-10 05:48:37','0xf5781F4b93441172606db330A6B2d08aC7709496'),(26,'47','https://ipfs.io/ipfs/QmchRJzbeoQE1u2qL4Y9CymNPEggY2FydXKTeJn2ezAe1h','0xC7B72C41BB8dAC3a1E12daA2EC91e5782858dBcb','27747736',2,'2023-03-10 05:39:23','2023-03-10 05:48:37','0xf5781F4b93441172606db330A6B2d08aC7709496'),(27,'48','https://ipfs.io/ipfs/QmXWGKpoW9qvusCDmUWQN69GcZoHmWZJV16q8NsXWM5MvF','0xC7B72C41BB8dAC3a1E12daA2EC91e5782858dBcb','27747736',2,'2023-03-10 05:39:33','2023-03-10 05:48:37','0xf5781F4b93441172606db330A6B2d08aC7709496'),(28,'49','https://ipfs.io/ipfs/QmVB44YP5EJVAMYb9ruzboPxHh98M8tyDPmzev8L4HXw1H','0xC7B72C41BB8dAC3a1E12daA2EC91e5782858dBcb','27747736',2,'2023-03-10 05:39:44','2023-03-10 05:48:37','0xf5781F4b93441172606db330A6B2d08aC7709496'),(29,'50','https://ipfs.io/ipfs/QmbXMZ5oGgA3CnXDXmrAbN8ckUSmwWoVE6rNR6k7vBL3XC','0xC7B72C41BB8dAC3a1E12daA2EC91e5782858dBcb','27747736',2,'2023-03-10 05:39:54','2023-03-10 05:48:37','0xf5781F4b93441172606db330A6B2d08aC7709496'),(30,'51','https://ipfs.io/ipfs/QmRSaE17PkpfhDd2iTGMXSZov5to8xotj5LDLVjR1npAte','0xC7B72C41BB8dAC3a1E12daA2EC91e5782858dBcb','27747736',2,'2023-03-10 05:40:20','2023-03-10 05:48:37','0xf5781F4b93441172606db330A6B2d08aC7709496'),(31,'52','https://ipfs.io/ipfs/Qme6UjQHsRhhTzwSvM8vRyX69zqaG7jb5XEC2ETejySz4t','0xC7B72C41BB8dAC3a1E12daA2EC91e5782858dBcb','27747736',2,'2023-03-10 05:40:31','2023-03-10 05:48:37','0xf5781F4b93441172606db330A6B2d08aC7709496'),(32,'53','https://ipfs.io/ipfs/QmbTNxdSqPRvpC3a97mZ5L84ceR42hKNCqcXPqa82bmv1e','0xC7B72C41BB8dAC3a1E12daA2EC91e5782858dBcb','27747736',2,'2023-03-10 05:40:41','2023-03-10 05:48:37','0xf5781F4b93441172606db330A6B2d08aC7709496'),(33,'54','https://ipfs.io/ipfs/QmWcNT2YSoRswLHcEnox862mxxFnaYsvUhsPm8bvzCWE8u','0xC7B72C41BB8dAC3a1E12daA2EC91e5782858dBcb','27747736',2,'2023-03-10 05:41:28','2023-03-10 05:48:37','0xf5781F4b93441172606db330A6B2d08aC7709496'),(34,'55','https://ipfs.io/ipfs/QmQC2zpfyjX8YDXyxxZVkoio1eaexG4v9gtjGUv99fSdmg','0xC7B72C41BB8dAC3a1E12daA2EC91e5782858dBcb','27747736',2,'2023-03-10 05:42:01','2023-03-10 05:48:37','0xf5781F4b93441172606db330A6B2d08aC7709496'),(35,'56','https://ipfs.io/ipfs/QmaFrzv7P76JyRpS7vEV1YKHhbRbiFAdiyb1ngNiiH9jUq','0xC7B72C41BB8dAC3a1E12daA2EC91e5782858dBcb','27747736',2,'2023-03-10 05:42:11','2023-03-10 05:48:37','0xf5781F4b93441172606db330A6B2d08aC7709496'),(36,'57','https://ipfs.io/ipfs/QmdNhGw91Tpn5ojq2dAJAarrRUruKB5gPRUEMuhuz1zEPU','0xC7B72C41BB8dAC3a1E12daA2EC91e5782858dBcb','27747736',2,'2023-03-10 05:42:21','2023-03-10 05:48:37','0xf5781F4b93441172606db330A6B2d08aC7709496'),(37,'58','https://ipfs.io/ipfs/QmZL4ngKviV4BbZi8CYojhRozM5BoEdLVKACuWgK2fcbFd','0xC7B72C41BB8dAC3a1E12daA2EC91e5782858dBcb','27747736',2,'2023-03-10 05:43:06','2023-03-10 05:48:37','0xf5781F4b93441172606db330A6B2d08aC7709496'),(38,'59','https://ipfs.io/ipfs/QmTjQTzEejxjsTgn1YZTYLznQvBtw5DnhdWdBf1xwdZeEQ','0xC7B72C41BB8dAC3a1E12daA2EC91e5782858dBcb','27747736',2,'2023-03-10 05:43:16','2023-03-10 05:48:37','0xf5781F4b93441172606db330A6B2d08aC7709496'),(39,'60','https://ipfs.io/ipfs/QmSbQ2vDfMdeTUxz73eMQDYVHtacwPDjBuHJvGvvvfKYZj','0xC7B72C41BB8dAC3a1E12daA2EC91e5782858dBcb','27747736',2,'2023-03-10 05:43:27','2023-03-10 05:48:37','0xf5781F4b93441172606db330A6B2d08aC7709496'),(40,'61','https://ipfs.io/ipfs/QmUeQqMcspZtcJL9Y7upHfXJwfmdn188zbJdcoZLrcUpqH','0xC7B72C41BB8dAC3a1E12daA2EC91e5782858dBcb','27747736',2,'2023-03-10 05:43:43','2023-03-10 05:48:37','0xf5781F4b93441172606db330A6B2d08aC7709496'),(41,'62','https://ipfs.io/ipfs/QmWTivJB6EQp5xy8XVgxVQZTt1xnh6wcz7JtqHk19xijHy','0xC7B72C41BB8dAC3a1E12daA2EC91e5782858dBcb','27747736',2,'2023-03-10 05:43:59','2023-03-10 05:48:37','0xf5781F4b93441172606db330A6B2d08aC7709496'),(42,'63','https://ipfs.io/ipfs/QmebmNVRfoLPk19YbqYQjRtEDHeoHzo7CqShFsUFZgbBsN','0xC7B72C41BB8dAC3a1E12daA2EC91e5782858dBcb','27747736',2,'2023-03-10 05:44:12','2023-03-10 05:48:37','0xf5781F4b93441172606db330A6B2d08aC7709496'),(43,'64','https://ipfs.io/ipfs/QmYKW7NU83BXCMcZ5Q9BidmDq893CvSAzGLbWD4949R6VH','0xC7B72C41BB8dAC3a1E12daA2EC91e5782858dBcb','27747736',2,'2023-03-10 05:44:23','2023-03-10 05:48:37','0xf5781F4b93441172606db330A6B2d08aC7709496'),(44,'65','https://ipfs.io/ipfs/QmQWCNPsxMstPd3fp2uUWK5yCpbJqduBaPUt6MQamgcvsR','0xC7B72C41BB8dAC3a1E12daA2EC91e5782858dBcb','27747736',2,'2023-03-10 05:44:35','2023-03-10 05:48:37','0xf5781F4b93441172606db330A6B2d08aC7709496'),(45,'66','https://ipfs.io/ipfs/QmWxKNMVgVj8ZBhsQzDvYAjA1ofgPTckUJTi1aS1wg2DPm','0xC7B72C41BB8dAC3a1E12daA2EC91e5782858dBcb','27747736',2,'2023-03-10 05:44:45','2023-03-10 05:48:37','0xf5781F4b93441172606db330A6B2d08aC7709496'),(46,'67','https://ipfs.io/ipfs/QmdeCj2W6fmpqeGQXZ4CcajuDF1hsXvonVgK4cRhwsraNn','0xC7B72C41BB8dAC3a1E12daA2EC91e5782858dBcb','27747736',2,'2023-03-10 05:44:56','2023-03-10 05:48:37','0xf5781F4b93441172606db330A6B2d08aC7709496'),(47,'68','https://ipfs.io/ipfs/QmUQ1hsomCd6e4qJS6ecxwiZL4M15u8kkiUgTGukFgozVp','0xC7B72C41BB8dAC3a1E12daA2EC91e5782858dBcb','27747736',2,'2023-03-10 05:45:07','2023-03-10 05:48:37','0xf5781F4b93441172606db330A6B2d08aC7709496'),(48,'69','https://ipfs.io/ipfs/Qme3kDABCKQonEmLpsov8L31uwQZYU7W5YAd5yJBJYc4c6','0xC7B72C41BB8dAC3a1E12daA2EC91e5782858dBcb','27747736',2,'2023-03-10 05:45:17','2023-03-10 05:48:37','0xf5781F4b93441172606db330A6B2d08aC7709496'),(49,'70','https://ipfs.io/ipfs/QmZ1KCryoJAaZTR7smirm949sJTTkEFGyiDdtmMCW1GGNu','0xC7B72C41BB8dAC3a1E12daA2EC91e5782858dBcb','27747736',2,'2023-03-10 05:45:52','2023-03-10 05:48:37','0xf5781F4b93441172606db330A6B2d08aC7709496'),(50,'71','https://ipfs.io/ipfs/QmY1Nujx16cK4WUXzGxS3BwLs2oj7MTEzietgEacXhcLoo','0xC7B72C41BB8dAC3a1E12daA2EC91e5782858dBcb','27747736',2,'2023-03-10 05:46:02','2023-03-10 05:48:37','0xf5781F4b93441172606db330A6B2d08aC7709496'),(51,'72','https://ipfs.io/ipfs/QmfGLZTXA35mnEWtTJsGb9uHMne32NzfSpLareLGbmeR6Q','0xC7B72C41BB8dAC3a1E12daA2EC91e5782858dBcb','27747736',2,'2023-03-10 05:46:12','2023-03-10 05:48:37','0xf5781F4b93441172606db330A6B2d08aC7709496'),(52,'73','https://ipfs.io/ipfs/QmQ9ziYjDPUPyNfEu84xwsNk1Vfqg1wrih9WVdU6RF8rv2','0xC7B72C41BB8dAC3a1E12daA2EC91e5782858dBcb','27747736',2,'2023-03-10 05:46:24','2023-03-10 05:48:37','0xf5781F4b93441172606db330A6B2d08aC7709496'),(53,'74','https://ipfs.io/ipfs/QmRqF9ARjpMkbatjbFbwgS6P1fEDt4BzfTxkGmeuvjU321','0xC7B72C41BB8dAC3a1E12daA2EC91e5782858dBcb','27747736',2,'2023-03-10 05:46:34','2023-03-10 05:48:37','0xf5781F4b93441172606db330A6B2d08aC7709496'),(54,'75','https://ipfs.io/ipfs/QmV6oMxuvRs4KGs3cWvAkQhg7Upira1pf1hEVuqWU8Ri1G','0xC7B72C41BB8dAC3a1E12daA2EC91e5782858dBcb','27747736',2,'2023-03-10 05:46:48','2023-03-10 05:48:37','0xf5781F4b93441172606db330A6B2d08aC7709496'),(55,'76','https://ipfs.io/ipfs/QmQfbxsNMeqUNNfrr8cmotJpV5h15Jxnr2qdmnvTx1SVix','0xC7B72C41BB8dAC3a1E12daA2EC91e5782858dBcb','27747736',2,'2023-03-10 05:46:58','2023-03-10 05:48:37','0xf5781F4b93441172606db330A6B2d08aC7709496'),(56,'77','https://ipfs.io/ipfs/QmUkQXtnpJ3aiimf7vn3484XpN4pHCzSoa1PbqSs1Ghw6k','0xC7B72C41BB8dAC3a1E12daA2EC91e5782858dBcb','27747736',2,'2023-03-10 05:47:08','2023-03-10 05:48:37','0xf5781F4b93441172606db330A6B2d08aC7709496'),(57,'78','https://ipfs.io/ipfs/QmZ5uCmyxh6NtvKMkrg3HSAsVo7rw5LWFBH7WkbBcwTtzc','0xC7B72C41BB8dAC3a1E12daA2EC91e5782858dBcb','27747736',2,'2023-03-10 05:47:18','2023-03-10 05:48:37','0xf5781F4b93441172606db330A6B2d08aC7709496'),(58,'79','https://ipfs.io/ipfs/QmUbNbtRRXv68KwBeGZLwVTEuMZnhiA4obnUTWymx3Jb14','0xC7B72C41BB8dAC3a1E12daA2EC91e5782858dBcb','27747736',2,'2023-03-10 05:47:29','2023-03-10 05:48:37','0xf5781F4b93441172606db330A6B2d08aC7709496'),(59,'80','https://ipfs.io/ipfs/QmNwY8MwstPMzrHNDyC8Rfy18vHLtACaZKERCoiVfrYFEc','0xC7B72C41BB8dAC3a1E12daA2EC91e5782858dBcb','27747736',2,'2023-03-10 05:47:55','2023-03-10 05:48:37','0xf5781F4b93441172606db330A6B2d08aC7709496'),(60,'81','https://ipfs.io/ipfs/QmQgsvfMmF7dqX1KNSBmAN3MAuA2j1RjRdAcgduVrhnT9G','0xC7B72C41BB8dAC3a1E12daA2EC91e5782858dBcb','27747736',2,'2023-03-10 05:48:05','2023-03-10 05:48:37','0xf5781F4b93441172606db330A6B2d08aC7709496'),(61,'82','https://ipfs.io/ipfs/QmTukTu7xPWtPe6PKjn14bxQz1tuK2mjJT1fBSusLnoCxy','0xC7B72C41BB8dAC3a1E12daA2EC91e5782858dBcb','27747736',2,'2023-03-10 05:48:15','2023-03-10 05:48:37','0xf5781F4b93441172606db330A6B2d08aC7709496'),(62,'83','https://ipfs.io/ipfs/QmVn2mM7T42SQm1LpgzRtEKjdRyb7r1PptC5hNnrXNu7qt','0xC7B72C41BB8dAC3a1E12daA2EC91e5782858dBcb','27747736',2,'2023-03-10 05:48:26','2023-03-10 05:48:37','0xf5781F4b93441172606db330A6B2d08aC7709496'),(63,'84','https://ipfs.io/ipfs/QmQpvrB1Hfo8YkFBsbeYbaU27drf6PNGewQuu8iBkphyAU','0xC7B72C41BB8dAC3a1E12daA2EC91e5782858dBcb','27747736',2,'2023-03-10 05:48:36','2023-03-10 05:48:37','0xf5781F4b93441172606db330A6B2d08aC7709496'),(64,'156','https://ipfs.io/ipfs/QmXuKSpD8f1KudMftZ8STYeot5Buce57KJ9j3Rs8KVMTNZ','0xC7B72C41BB8dAC3a1E12daA2EC91e5782858dBcb','27749331',5,'2023-03-10 05:48:47','2023-03-10 06:01:07','0xeDc6f325639eEc7186E1Ddd702BFd6cCbe58c22B'),(65,'157','https://ipfs.io/ipfs/QmXxGNG1k1knF71eyynL1uJZAKtCr6Rsva3gvFmDrBTzvf','0xC7B72C41BB8dAC3a1E12daA2EC91e5782858dBcb','27749331',5,'2023-03-10 05:49:00','2023-03-10 06:39:41','0xeDc6f325639eEc7186E1Ddd702BFd6cCbe58c22B'),(66,'158','https://ipfs.io/ipfs/QmZBZcn6Ka3iLtdLsM59dLUj8oi4YLw1AmLYTZmo1JjTiD','0xC7B72C41BB8dAC3a1E12daA2EC91e5782858dBcb','27749331',5,'2023-03-10 05:49:37','2023-03-10 14:24:30','0x5B6d4dC1CEC3F5fcFB6A5B7A8c7e79C6789defac'),(67,'159','https://ipfs.io/ipfs/QmUKpUAQXCLtcbtCF8RdZnR8S9kGqZUnYE8RCQ34ZEPvFp','0xC7B72C41BB8dAC3a1E12daA2EC91e5782858dBcb','27749331',5,'2023-03-10 05:49:48','2023-03-13 12:05:27','0x610e84262A278e0aca36d32E08b822CC80FA5b85'),(68,'160','https://ipfs.io/ipfs/QmPA42ff1EtCNtgwNjg7fTyNZFvCfZBWAT1qHEY79LqXDE','0xC7B72C41BB8dAC3a1E12daA2EC91e5782858dBcb','27749331',5,'2023-03-10 05:49:58','2023-03-10 06:22:31','0x610e84262A278e0aca36d32E08b822CC80FA5b85'),(69,'161','https://ipfs.io/ipfs/QmSPVuMuCaBMK3rRFam8ZFrzp4qpMYAR55WxshWxGsap7V','0xC7B72C41BB8dAC3a1E12daA2EC91e5782858dBcb','27749331',5,'2023-03-10 05:50:08','2023-03-10 06:22:31','0x610e84262A278e0aca36d32E08b822CC80FA5b85'),(70,'162','https://ipfs.io/ipfs/QmdREsk85HQEuWmidQmYvfxjh4nYh4KYgPnodai69wGPcv','0xC7B72C41BB8dAC3a1E12daA2EC91e5782858dBcb','27749331',5,'2023-03-10 05:50:19','2023-03-10 06:22:31','0x610e84262A278e0aca36d32E08b822CC80FA5b85'),(71,'163','https://ipfs.io/ipfs/QmbMJGAtrWrFbZrHfEGTb1xSHtK6QrGEePqKodDYM83dTY','0xC7B72C41BB8dAC3a1E12daA2EC91e5782858dBcb','27749331',5,'2023-03-10 05:50:30','2023-03-10 06:22:31','0x610e84262A278e0aca36d32E08b822CC80FA5b85'),(72,'164','https://ipfs.io/ipfs/QmYazRmXgeFyEetcSHknhiXrGQUkGPKUW4Bt66choLfu4q','0xC7B72C41BB8dAC3a1E12daA2EC91e5782858dBcb','27749331',5,'2023-03-10 05:50:43','2023-03-10 06:22:31','0x610e84262A278e0aca36d32E08b822CC80FA5b85'),(73,'165','https://ipfs.io/ipfs/QmY5YTYBrc8TWNjAGuPNi3gx3fdA31vUWuvisCM6xWYRbT','0xC7B72C41BB8dAC3a1E12daA2EC91e5782858dBcb','27749331',5,'2023-03-10 05:50:55','2023-03-10 06:22:31','0x610e84262A278e0aca36d32E08b822CC80FA5b85'),(74,'166','https://ipfs.io/ipfs/QmXqtkU7N4Q3J2rybtAdqvqcs3jbaoigq3NAdK2fAaajv1','0xC7B72C41BB8dAC3a1E12daA2EC91e5782858dBcb','27749331',5,'2023-03-10 05:51:05','2023-03-10 06:26:04','0x610e84262A278e0aca36d32E08b822CC80FA5b85'),(75,'167','https://ipfs.io/ipfs/QmSmZyazQ7cze6vpw7kAQojKj1nq9kinB1CFptdTsjAQf2','0xC7B72C41BB8dAC3a1E12daA2EC91e5782858dBcb','27749331',5,'2023-03-10 05:51:15','2023-03-10 06:22:31','0x610e84262A278e0aca36d32E08b822CC80FA5b85'),(76,'168','https://ipfs.io/ipfs/QmRZxQUdHxESuxHJriEGWsUgf9ApVSRs4GiGNTxEWTFeRT','0xC7B72C41BB8dAC3a1E12daA2EC91e5782858dBcb','27749331',5,'2023-03-10 05:51:34','2023-03-10 06:22:31','0x610e84262A278e0aca36d32E08b822CC80FA5b85'),(77,'169','https://ipfs.io/ipfs/QmSa5HDNZ68PPteAAioTVaxMYoLTVwzeToh2kBZggcpgzW','0xC7B72C41BB8dAC3a1E12daA2EC91e5782858dBcb','27749331',5,'2023-03-10 05:51:47','2023-03-10 06:22:31','0x610e84262A278e0aca36d32E08b822CC80FA5b85'),(78,'170','https://ipfs.io/ipfs/QmfBV1CGTeWRH5Jg4AZtMQWbYFQqEKz2671f5YH856hMuj','0xC7B72C41BB8dAC3a1E12daA2EC91e5782858dBcb','27749331',5,'2023-03-10 05:51:58','2023-03-10 06:22:31','0x610e84262A278e0aca36d32E08b822CC80FA5b85'),(79,'171','https://ipfs.io/ipfs/QmTdaD8hQdbAWqXUBSmRwcm2f59hpZSBjbpjhS2G8CrnhY','0xC7B72C41BB8dAC3a1E12daA2EC91e5782858dBcb','27749331',5,'2023-03-10 05:52:11','2023-03-10 06:22:31','0x610e84262A278e0aca36d32E08b822CC80FA5b85'),(80,'172','https://ipfs.io/ipfs/QmW7NBDHnEazLUCfBD2868pJ5HKb9uZwQ8JHT6KtxBW19m','0xC7B72C41BB8dAC3a1E12daA2EC91e5782858dBcb','27749331',5,'2023-03-10 05:52:21','2023-03-10 06:22:31','0x610e84262A278e0aca36d32E08b822CC80FA5b85'),(81,'173','https://ipfs.io/ipfs/QmZnwPtEHG7Q1ZbNcteUyhEXpRdFQwvHsztyF3qigmnYRN','0xC7B72C41BB8dAC3a1E12daA2EC91e5782858dBcb','27749331',5,'2023-03-10 05:53:09','2023-03-10 06:22:31','0x610e84262A278e0aca36d32E08b822CC80FA5b85'),(82,'174','https://ipfs.io/ipfs/QmawNBge4JG9BetzBw1jA3f2mkLPTnPKiZwazBF66wcgdV','0xC7B72C41BB8dAC3a1E12daA2EC91e5782858dBcb','27749331',5,'2023-03-10 05:53:20','2023-03-10 06:22:31','0x610e84262A278e0aca36d32E08b822CC80FA5b85'),(83,'175','https://ipfs.io/ipfs/QmdiiCvqwvSBNv8XD4qJ9Cz3VC3F2PPMVNE8p9LL3T2YRN','0xC7B72C41BB8dAC3a1E12daA2EC91e5782858dBcb','27749331',5,'2023-03-10 05:53:40','2023-03-10 06:22:31','0x610e84262A278e0aca36d32E08b822CC80FA5b85'),(84,'176','https://ipfs.io/ipfs/QmTUwrRWdJA89PJK9aypWUPWUxqjAgLrr5KoCAX1jFjVBB','0xC7B72C41BB8dAC3a1E12daA2EC91e5782858dBcb','27749331',5,'2023-03-10 05:53:50','2023-03-10 06:22:31','0x610e84262A278e0aca36d32E08b822CC80FA5b85'),(85,'177','https://ipfs.io/ipfs/QmZWGg4d6RurmnmyRLNScqZVvnTV6mEivLj1YjzF1xs39r','0xC7B72C41BB8dAC3a1E12daA2EC91e5782858dBcb','27749331',5,'2023-03-10 05:54:00','2023-03-10 06:22:31','0x610e84262A278e0aca36d32E08b822CC80FA5b85'),(86,'178','https://ipfs.io/ipfs/QmaTa6dQFTYE5uRRnAMEbZSuZNuGZfT2sorFfvRffEpJca','0xC7B72C41BB8dAC3a1E12daA2EC91e5782858dBcb','27749331',5,'2023-03-10 05:54:11','2023-03-10 06:22:31','0x610e84262A278e0aca36d32E08b822CC80FA5b85'),(87,'179','https://ipfs.io/ipfs/QmQ2ZFCt43RAMFQfX2UpnVEyPwaKdZikDeqAW5XLhH99Pg','0xC7B72C41BB8dAC3a1E12daA2EC91e5782858dBcb','27749331',5,'2023-03-10 05:54:22','2023-03-10 06:22:31','0x610e84262A278e0aca36d32E08b822CC80FA5b85'),(88,'180','https://ipfs.io/ipfs/QmQKfDGjh1jrMH7ZmZs6XnsDygYPbUg7Jtm4bbdrPrrDiG','0xC7B72C41BB8dAC3a1E12daA2EC91e5782858dBcb','27749331',5,'2023-03-10 05:54:33','2023-03-10 06:22:31','0x610e84262A278e0aca36d32E08b822CC80FA5b85'),(89,'181','https://ipfs.io/ipfs/QmUdXj64uv3Ut12rNNuBi4vM7KHNaU3FazGcnFdVcFxMth','0xC7B72C41BB8dAC3a1E12daA2EC91e5782858dBcb','27749331',5,'2023-03-10 05:54:45','2023-03-10 06:22:31','0x610e84262A278e0aca36d32E08b822CC80FA5b85'),(90,'182','https://ipfs.io/ipfs/QmdRMbFUM7t7DN2FNv79qMniYRv8F118trZGxyZkM9JXX3','0xC7B72C41BB8dAC3a1E12daA2EC91e5782858dBcb','27749331',5,'2023-03-10 05:54:59','2023-03-10 06:22:31','0x610e84262A278e0aca36d32E08b822CC80FA5b85'),(91,'183','https://ipfs.io/ipfs/QmRLxb58beSCKzjyGquYPHdMzxx1BSu9DtS3syoKbjt7bM','0xC7B72C41BB8dAC3a1E12daA2EC91e5782858dBcb','27749331',5,'2023-03-10 05:55:10','2023-03-10 06:22:31','0x610e84262A278e0aca36d32E08b822CC80FA5b85'),(92,'184','https://ipfs.io/ipfs/QmZLqCt7YyuGBgZzB6D8gCyp7TgpxN8oGqykgJAwHbNN5w','0xC7B72C41BB8dAC3a1E12daA2EC91e5782858dBcb','27749331',5,'2023-03-10 05:55:31','2023-03-10 06:22:31','0x610e84262A278e0aca36d32E08b822CC80FA5b85'),(93,'185','https://ipfs.io/ipfs/QmRfCnD6wL4ypxAjRSbtzRnXNHnfqy9P1okFabH7jd4YVJ','0xC7B72C41BB8dAC3a1E12daA2EC91e5782858dBcb','27749331',5,'2023-03-10 05:55:42','2023-03-10 06:22:31','0x610e84262A278e0aca36d32E08b822CC80FA5b85'),(94,'186','https://ipfs.io/ipfs/Qmbmphtpv7i9uGVmLutCirLrC82F78wYEoAE88VzLFCPKU','0xC7B72C41BB8dAC3a1E12daA2EC91e5782858dBcb','27749331',5,'2023-03-10 05:56:00','2023-03-10 06:22:31','0x610e84262A278e0aca36d32E08b822CC80FA5b85'),(95,'187','https://ipfs.io/ipfs/QmSBqCZJ9CZKon24DMrKnT8PqcXDsASKkKP5MeQFbEez1k','0xC7B72C41BB8dAC3a1E12daA2EC91e5782858dBcb','27749331',5,'2023-03-10 05:56:11','2023-03-10 06:22:31','0x610e84262A278e0aca36d32E08b822CC80FA5b85'),(96,'188','https://ipfs.io/ipfs/QmSw4CTi3U46asqGNFksvLBS4ys7axmotJRedyC5gcifvo','0xC7B72C41BB8dAC3a1E12daA2EC91e5782858dBcb','27749331',5,'2023-03-10 05:56:21','2023-03-10 06:22:31','0x610e84262A278e0aca36d32E08b822CC80FA5b85'),(97,'189','https://ipfs.io/ipfs/QmQpbNv5jH6VGzyHLrnH91J2ra1Jfn3vTDBA4P6r8NpqhA','0xC7B72C41BB8dAC3a1E12daA2EC91e5782858dBcb','27749331',5,'2023-03-10 05:56:31','2023-03-10 06:22:31','0x610e84262A278e0aca36d32E08b822CC80FA5b85'),(98,'190','https://ipfs.io/ipfs/QmVEmsaZoKcpLCYS5xtjN82WLtRLDe1MCxjzk2vdgRAubX','0xC7B72C41BB8dAC3a1E12daA2EC91e5782858dBcb','27749331',5,'2023-03-10 05:56:42','2023-03-10 06:22:31','0x610e84262A278e0aca36d32E08b822CC80FA5b85'),(99,'191','https://ipfs.io/ipfs/QmYpzwAJ67mS6fFb9by55msbH51jy5JNmiL72pfzRpve7o','0xC7B72C41BB8dAC3a1E12daA2EC91e5782858dBcb','27749331',5,'2023-03-10 05:56:52','2023-03-10 06:22:31','0x610e84262A278e0aca36d32E08b822CC80FA5b85'),(100,'192','https://ipfs.io/ipfs/QmRni8K9hH2GW4okfgB1n68JEH7QgfUTcTUDJ633g6tP8N','0xC7B72C41BB8dAC3a1E12daA2EC91e5782858dBcb','27749331',5,'2023-03-10 05:57:04','2023-03-10 06:22:31','0x610e84262A278e0aca36d32E08b822CC80FA5b85'),(101,'193','https://ipfs.io/ipfs/QmdAs5ThHdViPrPhghbm3zU7BraUzXdqG5KF1rw5UsXSAJ','0xC7B72C41BB8dAC3a1E12daA2EC91e5782858dBcb','27749331',5,'2023-03-10 05:57:14','2023-03-10 06:22:31','0x610e84262A278e0aca36d32E08b822CC80FA5b85'),(102,'194','https://ipfs.io/ipfs/Qmaaq9QU27HR1CCru9cux7S27ZxST2tcfR2vSaExisAAf2','0xC7B72C41BB8dAC3a1E12daA2EC91e5782858dBcb','27749331',5,'2023-03-10 05:57:25','2023-03-10 06:22:31','0x610e84262A278e0aca36d32E08b822CC80FA5b85'),(103,'195','https://ipfs.io/ipfs/QmZjxuDRPC76RsmewDo5yEtzJEoW6q2gcyDS3vQnmSotes','0xC7B72C41BB8dAC3a1E12daA2EC91e5782858dBcb','27749331',5,'2023-03-10 05:57:35','2023-03-10 06:22:31','0x610e84262A278e0aca36d32E08b822CC80FA5b85'),(104,'196','https://ipfs.io/ipfs/QmXRsUqGAGqaLRM6eGrw6EjwMPaATBqbeZ7K9f36hiW7wg','0xC7B72C41BB8dAC3a1E12daA2EC91e5782858dBcb','27749331',5,'2023-03-10 05:57:50','2023-03-10 06:22:31','0x610e84262A278e0aca36d32E08b822CC80FA5b85'),(105,'197','https://ipfs.io/ipfs/QmXpJnoTjQWJbmb1u9gFm8CeLxVxv2TnuBE49817ppkQxW','0xC7B72C41BB8dAC3a1E12daA2EC91e5782858dBcb','27749331',5,'2023-03-10 05:58:09','2023-03-10 06:22:31','0x610e84262A278e0aca36d32E08b822CC80FA5b85'),(106,'198','https://ipfs.io/ipfs/QmNWbVcntrMxWe1W9fd5GVQKzaKvtaszoy66CVbSxrwogJ','0xC7B72C41BB8dAC3a1E12daA2EC91e5782858dBcb','27749331',5,'2023-03-10 05:58:20','2023-03-10 06:22:31','0x610e84262A278e0aca36d32E08b822CC80FA5b85'),(107,'199','https://ipfs.io/ipfs/QmUadfzTqwJrkWrnCV2FhvuPtfdamTV6Ck7hShV5vN91dG','0xC7B72C41BB8dAC3a1E12daA2EC91e5782858dBcb','27749331',5,'2023-03-10 05:58:35','2023-03-10 06:22:31','0x610e84262A278e0aca36d32E08b822CC80FA5b85'),(108,'200','https://ipfs.io/ipfs/QmXu441uqcymHkWdtGiKiQG3rr9mqmi2a8DQ8L6KuRerxr','0xC7B72C41BB8dAC3a1E12daA2EC91e5782858dBcb','27749331',5,'2023-03-10 05:58:48','2023-03-10 06:22:31','0x610e84262A278e0aca36d32E08b822CC80FA5b85'),(109,'201','https://ipfs.io/ipfs/QmSmqExi2c7CMFrDBYMpgr4Nrcz3o6naUiN1eoVNTTBqSB','0xC7B72C41BB8dAC3a1E12daA2EC91e5782858dBcb','27749331',5,'2023-03-10 05:59:58','2023-03-10 06:22:31','0x610e84262A278e0aca36d32E08b822CC80FA5b85'),(110,'202','https://ipfs.io/ipfs/QmYZTYgNEWaBf9WRu6Nanw7DxEswsP4RcxXnpCk9ZrpGwe','0xC7B72C41BB8dAC3a1E12daA2EC91e5782858dBcb','27749331',5,'2023-03-10 06:00:13','2023-03-10 06:22:31','0x610e84262A278e0aca36d32E08b822CC80FA5b85'),(111,'203','https://ipfs.io/ipfs/QmSexont9gvyBV1pxD8WukpMmXzEsYUbS9Aeh1YBfMenB9','0xC7B72C41BB8dAC3a1E12daA2EC91e5782858dBcb','27749331',5,'2023-03-10 06:00:44','2023-03-10 06:22:31','0x610e84262A278e0aca36d32E08b822CC80FA5b85'),(112,'204','https://ipfs.io/ipfs/QmbkBdjjiZUYi5M3YgBdM1r9euemDWeH3nKLyKkUrG6tKm','0xC7B72C41BB8dAC3a1E12daA2EC91e5782858dBcb','27749331',5,'2023-03-10 06:00:56','2023-03-10 06:22:31','0x610e84262A278e0aca36d32E08b822CC80FA5b85'),(113,'205','https://ipfs.io/ipfs/QmPzMSuCTzwP3kkAosYSMCF68Lm1Mk7XrPo6CV6F1QMjDU','0xC7B72C41BB8dAC3a1E12daA2EC91e5782858dBcb','27749331',5,'2023-03-10 06:01:07','2023-03-10 06:22:31','0x610e84262A278e0aca36d32E08b822CC80FA5b85'),(114,'206','https://gateway.lighthouse.storage/ipfs/QmX26YuNgcqJdBuMz45VDz1aFF2SFVetNrttjYWgSNPk23','0xC7B72C41BB8dAC3a1E12daA2EC91e5782858dBcb','28086858',1,'2023-03-16 06:48:19',NULL,'0x610e84262A278e0aca36d32E08b822CC80FA5b85'),(115,'207','https://gateway.lighthouse.storage/ipfs/QmQNiaiE7ihVYFNc9qCpwAvE5LWRQosJ5MCU86vATszfHb','0xC7B72C41BB8dAC3a1E12daA2EC91e5782858dBcb','28086858',1,'2023-03-16 06:48:21',NULL,'0x610e84262A278e0aca36d32E08b822CC80FA5b85'),(116,'208','https://gateway.lighthouse.storage/ipfs/QmRDDoppYDgyKYzN7stHZTybfx8aBNuUtwLMtGiZ5zoajt','0xC7B72C41BB8dAC3a1E12daA2EC91e5782858dBcb','28086858',1,'2023-03-16 06:48:23',NULL,'0x610e84262A278e0aca36d32E08b822CC80FA5b85'),(117,'209','https://gateway.lighthouse.storage/ipfs/Qmb5vMgYB1fVgEXRVfaxyWNWTcY9tvYRKG2BHc7kwXnSMP','0xC7B72C41BB8dAC3a1E12daA2EC91e5782858dBcb','28086858',1,'2023-03-16 06:48:26',NULL,'0x610e84262A278e0aca36d32E08b822CC80FA5b85'),(118,'210','https://gateway.lighthouse.storage/ipfs/QmVkq5LPKdWUj6kvgy3gxSEtjrq56Ww9dJvPBQJ6cHDANk','0xC7B72C41BB8dAC3a1E12daA2EC91e5782858dBcb','28086858',1,'2023-03-16 06:48:28',NULL,'0x610e84262A278e0aca36d32E08b822CC80FA5b85'),(119,'211','https://gateway.lighthouse.storage/ipfs/QmfMd3oYRaRVg5nXefECS1RHpmTkDnQ4jjCsja7pYXbd89','0xC7B72C41BB8dAC3a1E12daA2EC91e5782858dBcb','28086858',1,'2023-03-16 06:48:30',NULL,'0x610e84262A278e0aca36d32E08b822CC80FA5b85'),(120,'212','https://gateway.lighthouse.storage/ipfs/QmVgQdg1BXbQeYed2RwWzAFCvy6MpKY1igSLJw75KtFyfe','0xC7B72C41BB8dAC3a1E12daA2EC91e5782858dBcb','28086858',1,'2023-03-16 06:48:32',NULL,'0x610e84262A278e0aca36d32E08b822CC80FA5b85'),(121,'213','https://gateway.lighthouse.storage/ipfs/QmY5aGE1gPdxTeHpmS2AGUuwYZvWzbEWAFgZGLMXfr8Wwi','0xC7B72C41BB8dAC3a1E12daA2EC91e5782858dBcb','28086858',1,'2023-03-16 06:48:35',NULL,'0x610e84262A278e0aca36d32E08b822CC80FA5b85'),(122,'214','https://gateway.lighthouse.storage/ipfs/QmPJ1jxBWU3fvbdEhqFSQkFbwPZGcFTQWr4uM4MoD2TS7w','0xC7B72C41BB8dAC3a1E12daA2EC91e5782858dBcb','28086858',1,'2023-03-16 06:48:37',NULL,'0x610e84262A278e0aca36d32E08b822CC80FA5b85'),(123,'215','https://gateway.lighthouse.storage/ipfs/QmVdP4zbWVHBJWRu35AB16uZe94S28HvUYMU8zEVr3dM83','0xC7B72C41BB8dAC3a1E12daA2EC91e5782858dBcb','28086858',1,'2023-03-16 06:48:39',NULL,'0x610e84262A278e0aca36d32E08b822CC80FA5b85'),(124,'216','https://gateway.lighthouse.storage/ipfs/QmY9w6D83ZE9CHZXZk4cetKveTw5d8wx4BLoBkDapSzD5Z','0xC7B72C41BB8dAC3a1E12daA2EC91e5782858dBcb','28086858',1,'2023-03-16 06:48:41',NULL,'0x610e84262A278e0aca36d32E08b822CC80FA5b85'),(125,'217','https://gateway.lighthouse.storage/ipfs/QmTZt2XHryYAyg19FeJpLXGnxdDGp1jci3F5ASxyYMDRmV','0xC7B72C41BB8dAC3a1E12daA2EC91e5782858dBcb','28086858',1,'2023-03-16 06:48:43',NULL,'0x610e84262A278e0aca36d32E08b822CC80FA5b85'),(126,'218','https://gateway.lighthouse.storage/ipfs/QmWmBu4A78yFPQuH8pVvkNyGtkLb8Bj8uNwB4xR7VYgxFe','0xC7B72C41BB8dAC3a1E12daA2EC91e5782858dBcb','28086858',1,'2023-03-16 06:48:46',NULL,'0x610e84262A278e0aca36d32E08b822CC80FA5b85'),(127,'219','https://gateway.lighthouse.storage/ipfs/QmS2R1NKDTkg4df6nzNv31GwVA6dr7XsqyTMnakLC2Mg8E','0xC7B72C41BB8dAC3a1E12daA2EC91e5782858dBcb','28086858',1,'2023-03-16 06:48:48',NULL,'0x610e84262A278e0aca36d32E08b822CC80FA5b85'),(128,'220','https://gateway.lighthouse.storage/ipfs/Qmb3DTbqHSzebKkgN2MtdE3g2YivvMPyc31ZW6ndv4TTqX','0xC7B72C41BB8dAC3a1E12daA2EC91e5782858dBcb','28086858',1,'2023-03-16 06:48:50',NULL,'0x610e84262A278e0aca36d32E08b822CC80FA5b85'),(129,'221','https://gateway.lighthouse.storage/ipfs/QmeAws62MqLododQBL3Rr6wz1FD3Z5ZgMy6So7Xv4pB8d4','0xC7B72C41BB8dAC3a1E12daA2EC91e5782858dBcb','28086858',1,'2023-03-16 06:48:52',NULL,'0x610e84262A278e0aca36d32E08b822CC80FA5b85'),(130,'222','https://gateway.lighthouse.storage/ipfs/QmcnZZV8MQXLoPgJFN9Z4D4B2pYa9juzMMWtwrUsV2Eq7V','0xC7B72C41BB8dAC3a1E12daA2EC91e5782858dBcb','28086858',1,'2023-03-16 06:48:55',NULL,'0x610e84262A278e0aca36d32E08b822CC80FA5b85'),(131,'223','https://gateway.lighthouse.storage/ipfs/QmbCPaXacPzf2hWSfG1VcT3BsRhwhY7uQZNLdk47sK3r3K','0xC7B72C41BB8dAC3a1E12daA2EC91e5782858dBcb','28086858',1,'2023-03-16 06:48:57',NULL,'0x610e84262A278e0aca36d32E08b822CC80FA5b85'),(132,'224','https://gateway.lighthouse.storage/ipfs/QmaWYj3urHoreH89kp4z2TGCnyqRfW4xMzLeFuFdzJJBsE','0xC7B72C41BB8dAC3a1E12daA2EC91e5782858dBcb','28086858',1,'2023-03-16 06:48:59',NULL,'0x610e84262A278e0aca36d32E08b822CC80FA5b85'),(133,'225','https://gateway.lighthouse.storage/ipfs/QmPmwsfWF2rX9pSdCsEwdsecL6UTHgjJsqHYFwYQymy76M','0xC7B72C41BB8dAC3a1E12daA2EC91e5782858dBcb','28086858',1,'2023-03-16 06:49:01',NULL,'0x610e84262A278e0aca36d32E08b822CC80FA5b85'),(134,'226','https://gateway.lighthouse.storage/ipfs/Qmf6cHE89iXRrjNkE1H12tn88iHTqngKzE4PjtMd1fm83b','0xC7B72C41BB8dAC3a1E12daA2EC91e5782858dBcb','28086858',1,'2023-03-16 06:49:04',NULL,'0x610e84262A278e0aca36d32E08b822CC80FA5b85'),(135,'227','https://gateway.lighthouse.storage/ipfs/QmVhvsCDC8gcqHMZix2pXTZHARYyNPkaCEpFmyD4cLWjvX','0xC7B72C41BB8dAC3a1E12daA2EC91e5782858dBcb','28086858',1,'2023-03-16 06:49:06',NULL,'0x610e84262A278e0aca36d32E08b822CC80FA5b85'),(136,'228','https://gateway.lighthouse.storage/ipfs/QmbnmwWwWE1YAwjKrNU1FpRbzRt6iM8uuSaRtDZ2pCNTHs','0xC7B72C41BB8dAC3a1E12daA2EC91e5782858dBcb','28086858',1,'2023-03-16 06:49:08',NULL,'0x610e84262A278e0aca36d32E08b822CC80FA5b85'),(137,'229','https://gateway.lighthouse.storage/ipfs/Qmb6h1k2AQfAqJwY47k3uTSaGuyZsnc1gwPo9sjpxMjFmd','0xC7B72C41BB8dAC3a1E12daA2EC91e5782858dBcb','28086858',1,'2023-03-16 06:49:10',NULL,'0x610e84262A278e0aca36d32E08b822CC80FA5b85'),(138,'230','https://gateway.lighthouse.storage/ipfs/QmZRG3RPsrAYpZS5Frx98SvnVpXNf1xoTyxyQZWRUHyCTL','0xC7B72C41BB8dAC3a1E12daA2EC91e5782858dBcb','28086858',1,'2023-03-16 06:49:13',NULL,'0x610e84262A278e0aca36d32E08b822CC80FA5b85'),(139,'231','https://gateway.lighthouse.storage/ipfs/QmX2p88p61RXytLZPhoaiffTjNURwVtEaeJN8GWn3bB53a','0xC7B72C41BB8dAC3a1E12daA2EC91e5782858dBcb','28086858',1,'2023-03-16 06:49:15',NULL,'0x610e84262A278e0aca36d32E08b822CC80FA5b85'),(140,'232','https://gateway.lighthouse.storage/ipfs/QmZbeCW4fcwTDeBnPUyLcUpTcrV19dCc2r166wWuQuWqqz','0xC7B72C41BB8dAC3a1E12daA2EC91e5782858dBcb','28086858',1,'2023-03-16 06:49:17',NULL,'0x610e84262A278e0aca36d32E08b822CC80FA5b85'),(141,'233','https://gateway.lighthouse.storage/ipfs/QmU3CxCZsL9qqEQTUoHN11oA69X6kENernA2kjZRapGEGy','0xC7B72C41BB8dAC3a1E12daA2EC91e5782858dBcb','28086858',1,'2023-03-16 06:49:19',NULL,'0x610e84262A278e0aca36d32E08b822CC80FA5b85'),(142,'234','https://gateway.lighthouse.storage/ipfs/QmPL5txr9G5dqungjZ74NHzd5KrBU5ebMDhCGB2XupTcfV','0xC7B72C41BB8dAC3a1E12daA2EC91e5782858dBcb','28086858',1,'2023-03-16 06:49:22',NULL,'0x610e84262A278e0aca36d32E08b822CC80FA5b85'),(143,'235','https://gateway.lighthouse.storage/ipfs/QmfQnLw3f1ngHg9cYKpo6u38zqZ4f5KbRkSxZwL7RuDRtP','0xC7B72C41BB8dAC3a1E12daA2EC91e5782858dBcb','28086858',1,'2023-03-16 06:49:24',NULL,'0x610e84262A278e0aca36d32E08b822CC80FA5b85'),(144,'236','https://gateway.lighthouse.storage/ipfs/QmZ4onvVVcfNrKqT4d8qyYdyt7a829DWgjgmankgj9hCf6','0xC7B72C41BB8dAC3a1E12daA2EC91e5782858dBcb','28086858',1,'2023-03-16 06:49:26',NULL,'0x610e84262A278e0aca36d32E08b822CC80FA5b85'),(145,'237','https://gateway.lighthouse.storage/ipfs/QmQxEbxnPTL7hq1585kKASaypwDbWvLsDriZTRoZrk1Fvk','0xC7B72C41BB8dAC3a1E12daA2EC91e5782858dBcb','28086858',1,'2023-03-16 06:49:28',NULL,'0x610e84262A278e0aca36d32E08b822CC80FA5b85'),(146,'238','https://gateway.lighthouse.storage/ipfs/QmdJiJFsQdtF1QLMmfp8AcNufe6jBAnTLFGYqEQ2N4D6zx','0xC7B72C41BB8dAC3a1E12daA2EC91e5782858dBcb','28086858',1,'2023-03-16 06:49:31',NULL,'0x610e84262A278e0aca36d32E08b822CC80FA5b85'),(147,'239','https://gateway.lighthouse.storage/ipfs/QmPcBDnUipS6i1y22qqV6PRytpYh2QqTQqQuNukrEwphY1','0xC7B72C41BB8dAC3a1E12daA2EC91e5782858dBcb','28086858',1,'2023-03-16 06:49:33',NULL,'0x610e84262A278e0aca36d32E08b822CC80FA5b85'),(148,'240','https://gateway.lighthouse.storage/ipfs/QmawiLbHT5UBdVFRLTYPBpEM5gBYMt1wMvVqXKxmqU8y6s','0xC7B72C41BB8dAC3a1E12daA2EC91e5782858dBcb','28086858',1,'2023-03-16 06:49:35',NULL,'0x610e84262A278e0aca36d32E08b822CC80FA5b85'),(149,'241','https://gateway.lighthouse.storage/ipfs/QmagTzKCY2J3VxYiExE8Ubt9bJLUSFpdVSpcyzb8PwgsMj','0xC7B72C41BB8dAC3a1E12daA2EC91e5782858dBcb','28086858',1,'2023-03-16 06:49:37',NULL,'0x610e84262A278e0aca36d32E08b822CC80FA5b85'),(150,'242','https://gateway.lighthouse.storage/ipfs/QmSHaz86WKxPoyBosfoyvFCp6atpaknXVd6yEKpuE6A3V7','0xC7B72C41BB8dAC3a1E12daA2EC91e5782858dBcb','28086858',1,'2023-03-16 06:49:40',NULL,'0x610e84262A278e0aca36d32E08b822CC80FA5b85'),(151,'243','https://gateway.lighthouse.storage/ipfs/QmeNEwwcrXnEKH8Lprjz6yTNJgKCL6TEBdmizNHhsFkEpd','0xC7B72C41BB8dAC3a1E12daA2EC91e5782858dBcb','28086858',1,'2023-03-16 06:49:42',NULL,'0x610e84262A278e0aca36d32E08b822CC80FA5b85'),(152,'244','https://gateway.lighthouse.storage/ipfs/QmNYiiKQtYGc2WKtykpdtLqKZtp6FP3TaXhGBvqKjNdh67','0xC7B72C41BB8dAC3a1E12daA2EC91e5782858dBcb','28086858',1,'2023-03-16 06:49:44',NULL,'0x610e84262A278e0aca36d32E08b822CC80FA5b85'),(153,'245','https://gateway.lighthouse.storage/ipfs/QmQXdUu9UGqXDo1M3VaGMAzF9Y1hNtLXKVBZhfzMFoCFuL','0xC7B72C41BB8dAC3a1E12daA2EC91e5782858dBcb','28086858',1,'2023-03-16 06:49:46',NULL,'0x610e84262A278e0aca36d32E08b822CC80FA5b85'),(154,'246','https://gateway.lighthouse.storage/ipfs/QmNrhfEqg4Nef9AgsyKgtBSbcv6nuCVu1D4Ee5Ke6Duej4','0xC7B72C41BB8dAC3a1E12daA2EC91e5782858dBcb','28086858',1,'2023-03-16 06:49:48',NULL,'0x610e84262A278e0aca36d32E08b822CC80FA5b85'),(155,'247','https://gateway.lighthouse.storage/ipfs/Qmdf6LBQsW1abebaPb8eBpBzqFo5f1hqGGcXwvMbngvi29','0xC7B72C41BB8dAC3a1E12daA2EC91e5782858dBcb','28086858',1,'2023-03-16 06:49:51',NULL,'0x610e84262A278e0aca36d32E08b822CC80FA5b85'),(156,'248','https://gateway.lighthouse.storage/ipfs/QmNoYk21ZvgCMUCgZ4m2Uwhg4hHnSPXvjpUh6RQZ9WXB4S','0xC7B72C41BB8dAC3a1E12daA2EC91e5782858dBcb','28086858',1,'2023-03-16 06:49:53',NULL,'0x610e84262A278e0aca36d32E08b822CC80FA5b85'),(157,'249','https://gateway.lighthouse.storage/ipfs/QmWEtgCbih8tM8JwyFyAH29i46J1vJ2SvHEKg6nDwck7sk','0xC7B72C41BB8dAC3a1E12daA2EC91e5782858dBcb','28086858',1,'2023-03-16 06:49:55',NULL,'0x610e84262A278e0aca36d32E08b822CC80FA5b85'),(158,'250','https://gateway.lighthouse.storage/ipfs/QmUUM5km5q3y3882FNsiTT67jFenmyj2kALxpFYBVAs3eA','0xC7B72C41BB8dAC3a1E12daA2EC91e5782858dBcb','28086858',1,'2023-03-16 06:49:57',NULL,'0x610e84262A278e0aca36d32E08b822CC80FA5b85'),(159,'251','https://gateway.lighthouse.storage/ipfs/QmVuPFhEEsB9Yn1ccDMBCGhkwxNg8NGRQCmfzJcsRDFHJG','0xC7B72C41BB8dAC3a1E12daA2EC91e5782858dBcb','28086858',1,'2023-03-16 06:50:00',NULL,'0x610e84262A278e0aca36d32E08b822CC80FA5b85'),(160,'252','https://gateway.lighthouse.storage/ipfs/QmTtvc6hw4RkU1XhHrXETodxPNgVheyfm3cd2JJu332FPU','0xC7B72C41BB8dAC3a1E12daA2EC91e5782858dBcb','28086858',1,'2023-03-16 06:50:02',NULL,'0x610e84262A278e0aca36d32E08b822CC80FA5b85'),(161,'253','https://gateway.lighthouse.storage/ipfs/QmfQeNz9W45X8gr2MyRiofCL5gA1w2jMVibqke34DmNcMA','0xC7B72C41BB8dAC3a1E12daA2EC91e5782858dBcb','28086858',1,'2023-03-16 06:50:04',NULL,'0x610e84262A278e0aca36d32E08b822CC80FA5b85'),(162,'254','https://gateway.lighthouse.storage/ipfs/Qmdg7dJXSGqjkGY4AqMqEvkAcvhUSshNPc5xU8DV6vnqrJ','0xC7B72C41BB8dAC3a1E12daA2EC91e5782858dBcb','28086858',1,'2023-03-16 06:50:06',NULL,'0x610e84262A278e0aca36d32E08b822CC80FA5b85'),(163,'255','https://gateway.lighthouse.storage/ipfs/QmQApmUk5icsSQAsJ1py1pQ4YHQ3gqHihezBvW9CYVKu38','0xC7B72C41BB8dAC3a1E12daA2EC91e5782858dBcb','28086858',1,'2023-03-16 06:50:09',NULL,'0x610e84262A278e0aca36d32E08b822CC80FA5b85'),(164,'256','https://gateway.lighthouse.storage/ipfs/QmQtZzmTy7z8f3Q8GueWxxVgx4aecYbuR3anpkw4H49D71','0xC7B72C41BB8dAC3a1E12daA2EC91e5782858dBcb','28086858',1,'2023-03-16 06:50:11',NULL,'0x610e84262A278e0aca36d32E08b822CC80FA5b85'),(165,'257','https://gateway.lighthouse.storage/ipfs/QmVRz7mdvbBrmWeQ7BLTrLHB3seDsCbAu6r3EsLWPzU7ZZ','0xC7B72C41BB8dAC3a1E12daA2EC91e5782858dBcb','28086858',1,'2023-03-16 06:50:13',NULL,'0x610e84262A278e0aca36d32E08b822CC80FA5b85'),(166,'258','https://gateway.lighthouse.storage/ipfs/QmZRq5C4QBLMiGP5mEEYJMLwDRDWmtMNH1JjaG2pyUBLBU','0xC7B72C41BB8dAC3a1E12daA2EC91e5782858dBcb','28086858',1,'2023-03-16 06:50:15',NULL,'0x610e84262A278e0aca36d32E08b822CC80FA5b85'),(167,'259','https://gateway.lighthouse.storage/ipfs/QmcoPR6qKff8UomxSEzyzmSjhTh3eBtA8dwuRUrAYYwWEv','0xC7B72C41BB8dAC3a1E12daA2EC91e5782858dBcb','28086858',1,'2023-03-16 06:50:18',NULL,'0x610e84262A278e0aca36d32E08b822CC80FA5b85'),(168,'260','https://gateway.lighthouse.storage/ipfs/QmabkkqPwjDCSa3Uu512kyURevcM9vjhg54MdodBnvqAnS','0xC7B72C41BB8dAC3a1E12daA2EC91e5782858dBcb','28086858',1,'2023-03-16 06:50:20',NULL,'0x610e84262A278e0aca36d32E08b822CC80FA5b85'),(169,'261','https://gateway.lighthouse.storage/ipfs/QmYqE5DgBPVWfBMAy8AFByY8aoFhoWtMH4zGSaL7s3B8Xk','0xC7B72C41BB8dAC3a1E12daA2EC91e5782858dBcb','28086858',1,'2023-03-16 06:50:22',NULL,'0x610e84262A278e0aca36d32E08b822CC80FA5b85'),(170,'262','https://gateway.lighthouse.storage/ipfs/QmfHRbeM2eJ6uiw4gjpAbc1HfcaQyLvoU9B1fhaSzDJTgH','0xC7B72C41BB8dAC3a1E12daA2EC91e5782858dBcb','28086858',1,'2023-03-16 06:50:24',NULL,'0x610e84262A278e0aca36d32E08b822CC80FA5b85'),(171,'263','https://gateway.lighthouse.storage/ipfs/QmSTaiMUr5sSGSdm9xUmHgNBTANYjZn5mbmJFH8T2HmnZB','0xC7B72C41BB8dAC3a1E12daA2EC91e5782858dBcb','28086858',1,'2023-03-16 06:50:27',NULL,'0x610e84262A278e0aca36d32E08b822CC80FA5b85'),(172,'264','https://gateway.lighthouse.storage/ipfs/QmavE83MwLDZUpuVqBBTydtfjYHfVuSrCj1M5cU9tkjt1n','0xC7B72C41BB8dAC3a1E12daA2EC91e5782858dBcb','28086858',1,'2023-03-16 06:50:29',NULL,'0x610e84262A278e0aca36d32E08b822CC80FA5b85'),(173,'265','https://gateway.lighthouse.storage/ipfs/QmeNDQjVRcrsodXGmZ2NQoDPLnwgHLWCCSywpp2F9F9KcT','0xC7B72C41BB8dAC3a1E12daA2EC91e5782858dBcb','28086858',1,'2023-03-16 06:50:31',NULL,'0x610e84262A278e0aca36d32E08b822CC80FA5b85'),(174,'266','https://gateway.lighthouse.storage/ipfs/QmYeNFYG6NknhxW98GKLRSQre7FJeNh9TTtTCqCuEALgXm','0xC7B72C41BB8dAC3a1E12daA2EC91e5782858dBcb','28086858',1,'2023-03-16 06:50:33',NULL,'0x610e84262A278e0aca36d32E08b822CC80FA5b85'),(175,'267','https://gateway.lighthouse.storage/ipfs/QmPDCuYxabuh88G1dauHwdbqsDm78cpkoXai2PAw9Zo7ni','0xC7B72C41BB8dAC3a1E12daA2EC91e5782858dBcb','28086858',1,'2023-03-16 06:50:36',NULL,'0x610e84262A278e0aca36d32E08b822CC80FA5b85'),(176,'268','https://gateway.lighthouse.storage/ipfs/QmcFdzXRvCio4hfj3SrT3KMLZWjXSXBXH7skgUL6RPugDN','0xC7B72C41BB8dAC3a1E12daA2EC91e5782858dBcb','28086858',1,'2023-03-16 06:50:38',NULL,'0x610e84262A278e0aca36d32E08b822CC80FA5b85'),(177,'269','https://gateway.lighthouse.storage/ipfs/QmbBMnsiik13Q4xowwn2JcnhY4cArkaZKSQ2d3NTLuHSCx','0xC7B72C41BB8dAC3a1E12daA2EC91e5782858dBcb','28086858',1,'2023-03-16 06:50:40',NULL,'0x610e84262A278e0aca36d32E08b822CC80FA5b85'),(178,'270','https://gateway.lighthouse.storage/ipfs/QmU46wft5Je7GdbcsqYJgb9GmYNhCTGbYXMcAYUJnBac7H','0xC7B72C41BB8dAC3a1E12daA2EC91e5782858dBcb','28086858',1,'2023-03-16 06:50:42',NULL,'0x610e84262A278e0aca36d32E08b822CC80FA5b85'),(179,'271','https://gateway.lighthouse.storage/ipfs/QmZYezA61RTuh5ziXcy7bn5syvAWJtaB3yGpKN875ZDocA','0xC7B72C41BB8dAC3a1E12daA2EC91e5782858dBcb','28086858',1,'2023-03-16 06:50:45',NULL,'0x610e84262A278e0aca36d32E08b822CC80FA5b85'),(180,'272','https://gateway.lighthouse.storage/ipfs/QmZ52fDdvJ59igs83eJ9G175vmBFF9bBVNjJeuTBandJio','0xC7B72C41BB8dAC3a1E12daA2EC91e5782858dBcb','28086858',1,'2023-03-16 06:50:47',NULL,'0x610e84262A278e0aca36d32E08b822CC80FA5b85'),(181,'273','https://gateway.lighthouse.storage/ipfs/QmYRYg5WzTQyx5rrSgigZjPCfUt6U31HuoLbmW3DK6sci2','0xC7B72C41BB8dAC3a1E12daA2EC91e5782858dBcb','28086858',1,'2023-03-16 06:50:49',NULL,'0x610e84262A278e0aca36d32E08b822CC80FA5b85'),(182,'274','https://gateway.lighthouse.storage/ipfs/QmQB7hQAJ9ABwmYUgtHoquwrbNv56n5AVi7nGFBRUwhr3B','0xC7B72C41BB8dAC3a1E12daA2EC91e5782858dBcb','28086858',1,'2023-03-16 06:50:51',NULL,'0x610e84262A278e0aca36d32E08b822CC80FA5b85'),(183,'275','https://gateway.lighthouse.storage/ipfs/QmPMatVLHR1oKQrrMDXqEiwqY6rtE2xZi6QxtjnadKrquM','0xC7B72C41BB8dAC3a1E12daA2EC91e5782858dBcb','28086858',1,'2023-03-16 06:50:54',NULL,'0x610e84262A278e0aca36d32E08b822CC80FA5b85'),(184,'276','https://gateway.lighthouse.storage/ipfs/QmR1YKQgxbgmEjhgFGbg1TUWEXwm5eLgoLvnpWSQXkV16A','0xC7B72C41BB8dAC3a1E12daA2EC91e5782858dBcb','28086858',1,'2023-03-16 06:50:56',NULL,'0x610e84262A278e0aca36d32E08b822CC80FA5b85'),(185,'277','https://gateway.lighthouse.storage/ipfs/QmesfWrpcWjAukngsiisbQvrwGYkd3DRqZ5P9kNSAyY9LD','0xC7B72C41BB8dAC3a1E12daA2EC91e5782858dBcb','28086858',1,'2023-03-16 06:50:58',NULL,'0x610e84262A278e0aca36d32E08b822CC80FA5b85'),(186,'278','https://gateway.lighthouse.storage/ipfs/QmYnR2dcPFCQc1i4ea6q12zTfUiuiesw6mHGTQhwgsVAq4','0xC7B72C41BB8dAC3a1E12daA2EC91e5782858dBcb','28086858',1,'2023-03-16 06:51:00',NULL,'0x610e84262A278e0aca36d32E08b822CC80FA5b85'),(187,'279','https://gateway.lighthouse.storage/ipfs/Qmeaq5p5x7tNibZvERpHPH9SfLr2o25zvvAteCuK6AUJU7','0xC7B72C41BB8dAC3a1E12daA2EC91e5782858dBcb','28086858',1,'2023-03-16 06:51:03',NULL,'0x610e84262A278e0aca36d32E08b822CC80FA5b85'),(188,'280','https://gateway.lighthouse.storage/ipfs/QmbGtF6h4PuctxNGbwEFENX4PqGBb3C2AFbh3mMyi4R49N','0xC7B72C41BB8dAC3a1E12daA2EC91e5782858dBcb','28086858',1,'2023-03-16 06:51:05',NULL,'0x610e84262A278e0aca36d32E08b822CC80FA5b85'),(189,'281','https://gateway.lighthouse.storage/ipfs/QmUN9ZaaBRXPgNC4Qc7bTRjnsZKVmc2oM2PtiLJGf8hyLb','0xC7B72C41BB8dAC3a1E12daA2EC91e5782858dBcb','28086858',1,'2023-03-16 06:51:07',NULL,'0x610e84262A278e0aca36d32E08b822CC80FA5b85'),(190,'282','https://gateway.lighthouse.storage/ipfs/QmPCiBEHRbfibXu9dtmKZndnyJr5KTNQfzaBwtN51ntzb1','0xC7B72C41BB8dAC3a1E12daA2EC91e5782858dBcb','28086858',1,'2023-03-16 06:51:09',NULL,'0x610e84262A278e0aca36d32E08b822CC80FA5b85'),(191,'283','https://gateway.lighthouse.storage/ipfs/QmdydMY3Hrkrk4fms4EWuAZMJYbmkMYMpH3kMg36tGNh3A','0xC7B72C41BB8dAC3a1E12daA2EC91e5782858dBcb','28086858',1,'2023-03-16 06:51:12',NULL,'0x610e84262A278e0aca36d32E08b822CC80FA5b85'),(192,'284','https://gateway.lighthouse.storage/ipfs/QmPxqv6AYA7Dp4nLFT3NwzK4VZ1YXKYc74jx9H5fBavC8f','0xC7B72C41BB8dAC3a1E12daA2EC91e5782858dBcb','28086858',1,'2023-03-16 06:51:14',NULL,'0x610e84262A278e0aca36d32E08b822CC80FA5b85'),(193,'285','https://gateway.lighthouse.storage/ipfs/QmNrJJGevRrbRRVUtxeX6p3hKX9e5pwhEQnam99GQdjtHi','0xC7B72C41BB8dAC3a1E12daA2EC91e5782858dBcb','28086858',1,'2023-03-16 06:51:16',NULL,'0x610e84262A278e0aca36d32E08b822CC80FA5b85'),(194,'286','https://gateway.lighthouse.storage/ipfs/QmarEsgd9ootCq5psR4MRZ1YqJLVCmNtknvhyuY2sz25LU','0xC7B72C41BB8dAC3a1E12daA2EC91e5782858dBcb','28086858',1,'2023-03-16 06:51:18',NULL,'0x610e84262A278e0aca36d32E08b822CC80FA5b85'),(195,'287','https://gateway.lighthouse.storage/ipfs/QmZsM5HJhmCyeD2eR3JUgnXtzEQeNee3ezKbg2bj8NBJCp','0xC7B72C41BB8dAC3a1E12daA2EC91e5782858dBcb','28086858',1,'2023-03-16 06:51:21',NULL,'0x610e84262A278e0aca36d32E08b822CC80FA5b85'),(196,'288','https://gateway.lighthouse.storage/ipfs/Qmc7JRGMKwvHCVhRppSPv561GQr9ojrYxpM6B6giu2jp8x','0xC7B72C41BB8dAC3a1E12daA2EC91e5782858dBcb','28086858',1,'2023-03-16 06:51:23',NULL,'0x610e84262A278e0aca36d32E08b822CC80FA5b85'),(197,'289','https://gateway.lighthouse.storage/ipfs/QmVXuhuFdaG4q5ENEgZpVVTTETrDJTHLD9EZ8KNzLh1Nma','0xC7B72C41BB8dAC3a1E12daA2EC91e5782858dBcb','28086858',1,'2023-03-16 06:51:25',NULL,'0x610e84262A278e0aca36d32E08b822CC80FA5b85'),(198,'290','https://gateway.lighthouse.storage/ipfs/QmZ5egqmTzthuWWwFCVf1Q2qfgKNrAGEHUT8jM1ZjsyF3c','0xC7B72C41BB8dAC3a1E12daA2EC91e5782858dBcb','28086858',1,'2023-03-16 06:51:27',NULL,'0x610e84262A278e0aca36d32E08b822CC80FA5b85'),(199,'291','https://gateway.lighthouse.storage/ipfs/QmPLCij56vcvQHyLe71fCaBaiFfVjB78dKj16d3Vks68Yn','0xC7B72C41BB8dAC3a1E12daA2EC91e5782858dBcb','28086858',1,'2023-03-16 06:51:30',NULL,'0x610e84262A278e0aca36d32E08b822CC80FA5b85'),(200,'292','https://gateway.lighthouse.storage/ipfs/QmaUDKjj1NCD6ZYPkKhKETPrMZTFFTQo1s944nPi9SduJL','0xC7B72C41BB8dAC3a1E12daA2EC91e5782858dBcb','28086858',1,'2023-03-16 06:51:32',NULL,'0x610e84262A278e0aca36d32E08b822CC80FA5b85'),(201,'293','https://gateway.lighthouse.storage/ipfs/QmVs2SbuhUPA3qBo4JoZtD5EWuEKVp9W8NXoCSsUX3n7oi','0xC7B72C41BB8dAC3a1E12daA2EC91e5782858dBcb','28086858',1,'2023-03-16 06:51:34',NULL,'0x610e84262A278e0aca36d32E08b822CC80FA5b85'),(202,'294','https://gateway.lighthouse.storage/ipfs/QmaoyXhyBLTkdwpLDoDL1oHPPDEmiJLaNwM9gZuLiZeqY3','0xC7B72C41BB8dAC3a1E12daA2EC91e5782858dBcb','28086858',1,'2023-03-16 06:51:36',NULL,'0x610e84262A278e0aca36d32E08b822CC80FA5b85'),(203,'295','https://gateway.lighthouse.storage/ipfs/QmPqAM3ha5fNHbnPfUmwJKttZ86MLGzSo22X4cct2dBcTD','0xC7B72C41BB8dAC3a1E12daA2EC91e5782858dBcb','28086858',1,'2023-03-16 06:51:38',NULL,'0x610e84262A278e0aca36d32E08b822CC80FA5b85'),(204,'296','https://gateway.lighthouse.storage/ipfs/QmX26YuNgcqJdBuMz45VDz1aFF2SFVetNrttjYWgSNPk23','0xC7B72C41BB8dAC3a1E12daA2EC91e5782858dBcb','28087364',1,'2023-03-16 07:06:38',NULL,'0x610e84262A278e0aca36d32E08b822CC80FA5b85'),(205,'297','https://gateway.lighthouse.storage/ipfs/QmQNiaiE7ihVYFNc9qCpwAvE5LWRQosJ5MCU86vATszfHb','0xC7B72C41BB8dAC3a1E12daA2EC91e5782858dBcb','28087364',1,'2023-03-16 07:06:41',NULL,'0x610e84262A278e0aca36d32E08b822CC80FA5b85'),(206,'298','https://gateway.lighthouse.storage/ipfs/QmRDDoppYDgyKYzN7stHZTybfx8aBNuUtwLMtGiZ5zoajt','0xC7B72C41BB8dAC3a1E12daA2EC91e5782858dBcb','28087364',1,'2023-03-16 07:06:43',NULL,'0x610e84262A278e0aca36d32E08b822CC80FA5b85'),(207,'299','https://gateway.lighthouse.storage/ipfs/Qmb5vMgYB1fVgEXRVfaxyWNWTcY9tvYRKG2BHc7kwXnSMP','0xC7B72C41BB8dAC3a1E12daA2EC91e5782858dBcb','28087364',1,'2023-03-16 07:06:45',NULL,'0x610e84262A278e0aca36d32E08b822CC80FA5b85'),(208,'300','https://gateway.lighthouse.storage/ipfs/QmVkq5LPKdWUj6kvgy3gxSEtjrq56Ww9dJvPBQJ6cHDANk','0xC7B72C41BB8dAC3a1E12daA2EC91e5782858dBcb','28087364',1,'2023-03-16 07:06:47',NULL,'0x610e84262A278e0aca36d32E08b822CC80FA5b85'),(209,'301','https://gateway.lighthouse.storage/ipfs/QmfMd3oYRaRVg5nXefECS1RHpmTkDnQ4jjCsja7pYXbd89','0xC7B72C41BB8dAC3a1E12daA2EC91e5782858dBcb','28087364',1,'2023-03-16 07:06:49',NULL,'0x610e84262A278e0aca36d32E08b822CC80FA5b85'),(210,'302','https://gateway.lighthouse.storage/ipfs/QmVgQdg1BXbQeYed2RwWzAFCvy6MpKY1igSLJw75KtFyfe','0xC7B72C41BB8dAC3a1E12daA2EC91e5782858dBcb','28087364',1,'2023-03-16 07:06:52',NULL,'0x610e84262A278e0aca36d32E08b822CC80FA5b85'),(211,'303','https://gateway.lighthouse.storage/ipfs/QmY5aGE1gPdxTeHpmS2AGUuwYZvWzbEWAFgZGLMXfr8Wwi','0xC7B72C41BB8dAC3a1E12daA2EC91e5782858dBcb','28087364',1,'2023-03-16 07:06:54',NULL,'0x610e84262A278e0aca36d32E08b822CC80FA5b85'),(212,'304','https://gateway.lighthouse.storage/ipfs/QmPJ1jxBWU3fvbdEhqFSQkFbwPZGcFTQWr4uM4MoD2TS7w','0xC7B72C41BB8dAC3a1E12daA2EC91e5782858dBcb','28087364',1,'2023-03-16 07:06:56',NULL,'0x610e84262A278e0aca36d32E08b822CC80FA5b85'),(213,'305','https://gateway.lighthouse.storage/ipfs/QmVdP4zbWVHBJWRu35AB16uZe94S28HvUYMU8zEVr3dM83','0xC7B72C41BB8dAC3a1E12daA2EC91e5782858dBcb','28087364',1,'2023-03-16 07:06:58',NULL,'0x610e84262A278e0aca36d32E08b822CC80FA5b85'),(214,'306','https://gateway.lighthouse.storage/ipfs/QmVKiNM7b6oPQgzt7oqRzbJwjnVXG3rhw4TjmqNTstSoNf','0xC7B72C41BB8dAC3a1E12daA2EC91e5782858dBcb','28087539',7,'2023-03-16 07:08:26','2023-03-16 07:19:37','0xeDc6f325639eEc7186E1Ddd702BFd6cCbe58c22B'),(215,'307','https://gateway.lighthouse.storage/ipfs/Qmc3y52Kogdra9ETW7rxwP9ts1s1sRWk5S8Bggu5wzq1yN','0xC7B72C41BB8dAC3a1E12daA2EC91e5782858dBcb','28087539',7,'2023-03-16 07:08:29','2023-03-16 07:19:37','0xeDc6f325639eEc7186E1Ddd702BFd6cCbe58c22B'),(216,'308','https://gateway.lighthouse.storage/ipfs/QmVfDytN99n6ZowL5RqvcDgZSxYNKtWncxP6bBuvk5h98r','0xC7B72C41BB8dAC3a1E12daA2EC91e5782858dBcb','28087539',7,'2023-03-16 07:08:31','2023-03-16 07:19:37','0xeDc6f325639eEc7186E1Ddd702BFd6cCbe58c22B'),(217,'309','https://gateway.lighthouse.storage/ipfs/QmVzTK5inP3NMLpZcnVrTqYd5qdpiBtDVNnzL4WhNVk2uw','0xC7B72C41BB8dAC3a1E12daA2EC91e5782858dBcb','28087539',7,'2023-03-16 07:08:33','2023-03-16 07:19:37','0xeDc6f325639eEc7186E1Ddd702BFd6cCbe58c22B'),(218,'310','https://gateway.lighthouse.storage/ipfs/QmZW3G87EAJ7YtKnFyLoEmbFBof5k9qh21snSbijw92MDn','0xC7B72C41BB8dAC3a1E12daA2EC91e5782858dBcb','28087539',7,'2023-03-16 07:08:35','2023-03-16 07:19:37','0xeDc6f325639eEc7186E1Ddd702BFd6cCbe58c22B'),(219,'311','https://gateway.lighthouse.storage/ipfs/QmdoUUMJy6kNg89LXN5eQS1xCZoe5wmLAVoDuqn7Rh82d1','0xC7B72C41BB8dAC3a1E12daA2EC91e5782858dBcb','28087539',7,'2023-03-16 07:08:38','2023-03-16 07:19:37','0xeDc6f325639eEc7186E1Ddd702BFd6cCbe58c22B'),(220,'312','https://gateway.lighthouse.storage/ipfs/QmQiEDvkwtLE6G38b9m6dDn4ypqQVcpQ2pFHEZSeFVAwLs','0xC7B72C41BB8dAC3a1E12daA2EC91e5782858dBcb','28087539',7,'2023-03-16 07:08:40','2023-03-16 07:19:37','0xeDc6f325639eEc7186E1Ddd702BFd6cCbe58c22B'),(221,'313','https://gateway.lighthouse.storage/ipfs/QmTuqnZB5coVUHGLzj65Z8g3zTyzFa8CQPkvFMhZpf8mGY','0xC7B72C41BB8dAC3a1E12daA2EC91e5782858dBcb','28087539',7,'2023-03-16 07:08:42','2023-03-16 07:19:37','0xeDc6f325639eEc7186E1Ddd702BFd6cCbe58c22B'),(222,'314','https://gateway.lighthouse.storage/ipfs/QmPVPcmuu6oYrPMgNwHQEuZTmvuza49JGzgK62EqjoYFeT','0xC7B72C41BB8dAC3a1E12daA2EC91e5782858dBcb','28087539',7,'2023-03-16 07:08:44','2023-03-16 07:19:37','0xeDc6f325639eEc7186E1Ddd702BFd6cCbe58c22B'),(223,'315','https://gateway.lighthouse.storage/ipfs/QmTiZXo5ePUyY7iNhZUjADLkV1TqswAWyqdSpbHGVSpLaL','0xC7B72C41BB8dAC3a1E12daA2EC91e5782858dBcb','28087539',7,'2023-03-16 07:08:46','2023-03-16 07:19:37','0xeDc6f325639eEc7186E1Ddd702BFd6cCbe58c22B'),(224,'316','https://gateway.lighthouse.storage/ipfs/Qmb4JM88zuoJAw13Vj23ZUzgKirWpSLFWTkqVvXgJcvwzD','0xC7B72C41BB8dAC3a1E12daA2EC91e5782858dBcb','28087539',7,'2023-03-16 07:08:49',NULL,'0x610e84262A278e0aca36d32E08b822CC80FA5b85'),(225,'317','https://gateway.lighthouse.storage/ipfs/QmXdQLrbGLMLg367WhJ8xz3jHpby72oLh9yhZiT5vQZfV2','0xC7B72C41BB8dAC3a1E12daA2EC91e5782858dBcb','28087539',7,'2023-03-16 07:08:51',NULL,'0x610e84262A278e0aca36d32E08b822CC80FA5b85'),(226,'318','https://gateway.lighthouse.storage/ipfs/QmZxehWVSphGTNnM611PtNUgeVQKD99YqpmxCv8DKewGFy','0xC7B72C41BB8dAC3a1E12daA2EC91e5782858dBcb','28087539',7,'2023-03-16 07:08:53',NULL,'0x610e84262A278e0aca36d32E08b822CC80FA5b85'),(227,'319','https://gateway.lighthouse.storage/ipfs/QmUEdvjEToXcauea3N8YQf4JFXyykrmamAeET4Zngz4svR','0xC7B72C41BB8dAC3a1E12daA2EC91e5782858dBcb','28087539',7,'2023-03-16 07:08:55',NULL,'0x610e84262A278e0aca36d32E08b822CC80FA5b85'),(228,'320','https://gateway.lighthouse.storage/ipfs/QmeG7RWGf9t3GzS6TM9cpgbt8XZXGYfKPg7ymjN81TXDph','0xC7B72C41BB8dAC3a1E12daA2EC91e5782858dBcb','28087539',7,'2023-03-16 07:08:58',NULL,'0x610e84262A278e0aca36d32E08b822CC80FA5b85'),(229,'321','https://gateway.lighthouse.storage/ipfs/QmegE3oqvmYckZdzY9JkKcFt9pjfS7V4zwFgmvUXdQBPhq','0xC7B72C41BB8dAC3a1E12daA2EC91e5782858dBcb','28087539',7,'2023-03-16 07:09:00',NULL,'0x610e84262A278e0aca36d32E08b822CC80FA5b85'),(230,'322','https://gateway.lighthouse.storage/ipfs/QmPqe41HNbFDiJvSuzzkH96115qsuz2c1hfqNxXjj7A7f6','0xC7B72C41BB8dAC3a1E12daA2EC91e5782858dBcb','28087539',7,'2023-03-16 07:09:02',NULL,'0x610e84262A278e0aca36d32E08b822CC80FA5b85'),(231,'323','https://gateway.lighthouse.storage/ipfs/QmTBWeb82gFEZiLLUpNxRPqAoTh1aPTuUwvpdQ6koW33co','0xC7B72C41BB8dAC3a1E12daA2EC91e5782858dBcb','28087539',7,'2023-03-16 07:09:04',NULL,'0x610e84262A278e0aca36d32E08b822CC80FA5b85'),(232,'324','https://gateway.lighthouse.storage/ipfs/QmPMevuCY1zqszGpKJiKoE2UYb3KBnSDnRzCt9xJT2ErU5','0xC7B72C41BB8dAC3a1E12daA2EC91e5782858dBcb','28087539',7,'2023-03-16 07:09:06',NULL,'0x610e84262A278e0aca36d32E08b822CC80FA5b85'),(233,'325','https://gateway.lighthouse.storage/ipfs/QmYFKfxM7ZvVKS6UTFLiGx9naMnxxCy3aqg2mt8UtvCKpM','0xC7B72C41BB8dAC3a1E12daA2EC91e5782858dBcb','28087539',7,'2023-03-16 07:09:09',NULL,'0x610e84262A278e0aca36d32E08b822CC80FA5b85'),(234,'326','https://gateway.lighthouse.storage/ipfs/QmUrWDsoSYKjqJtwSvTDMHVXeNS3nw7EqcPs19fHV91255','0xC7B72C41BB8dAC3a1E12daA2EC91e5782858dBcb','28087539',7,'2023-03-16 07:09:11',NULL,'0x610e84262A278e0aca36d32E08b822CC80FA5b85'),(235,'327','https://gateway.lighthouse.storage/ipfs/QmZ9Ggoe7BgN6nHK6j9coKSfCVFfdpxfy11fY7VGNSriRA','0xC7B72C41BB8dAC3a1E12daA2EC91e5782858dBcb','28087539',7,'2023-03-16 07:09:13',NULL,'0x610e84262A278e0aca36d32E08b822CC80FA5b85'),(236,'328','https://gateway.lighthouse.storage/ipfs/QmV9r3sWnHmiK9BrbstS8D6Y2h7QAKY8FncpEY2gUsbtZm','0xC7B72C41BB8dAC3a1E12daA2EC91e5782858dBcb','28087539',7,'2023-03-16 07:09:15',NULL,'0x610e84262A278e0aca36d32E08b822CC80FA5b85'),(237,'329','https://gateway.lighthouse.storage/ipfs/QmQjzDsv584TocpgCX7nHEVYXTmHYhB1srENFQncgBPaRB','0xC7B72C41BB8dAC3a1E12daA2EC91e5782858dBcb','28087539',7,'2023-03-16 07:09:18',NULL,'0x610e84262A278e0aca36d32E08b822CC80FA5b85'),(238,'330','https://gateway.lighthouse.storage/ipfs/QmbnRRzbHAzREmeEELzrQ6zSxvH4Mf95c6nn9EM8kE4sYN','0xC7B72C41BB8dAC3a1E12daA2EC91e5782858dBcb','28087539',7,'2023-03-16 07:09:20',NULL,'0x610e84262A278e0aca36d32E08b822CC80FA5b85'),(239,'331','https://gateway.lighthouse.storage/ipfs/QmRZ1CmYThYpfAcBVUKK48NE1N8KjNXhop6EBhzU4AhvPt','0xC7B72C41BB8dAC3a1E12daA2EC91e5782858dBcb','28087539',7,'2023-03-16 07:09:22',NULL,'0x610e84262A278e0aca36d32E08b822CC80FA5b85'),(240,'332','https://gateway.lighthouse.storage/ipfs/QmThp3KPD7DZ4nkyZkmkTR4HkxHipttXDanRTJLWhDzgRL','0xC7B72C41BB8dAC3a1E12daA2EC91e5782858dBcb','28087539',7,'2023-03-16 07:09:24',NULL,'0x610e84262A278e0aca36d32E08b822CC80FA5b85'),(241,'333','https://gateway.lighthouse.storage/ipfs/QmdeXrvFSD8FyNUSC5NsWCSgVSKgc5FVrjjk8No5RQpTWG','0xC7B72C41BB8dAC3a1E12daA2EC91e5782858dBcb','28087539',7,'2023-03-16 07:09:27',NULL,'0x610e84262A278e0aca36d32E08b822CC80FA5b85'),(242,'334','https://gateway.lighthouse.storage/ipfs/Qmea1jaBubqTWJYD9EemVaXWKATsYejtmbRGAUC7a2FfUN','0xC7B72C41BB8dAC3a1E12daA2EC91e5782858dBcb','28087539',7,'2023-03-16 07:09:29',NULL,'0x610e84262A278e0aca36d32E08b822CC80FA5b85'),(243,'335','https://gateway.lighthouse.storage/ipfs/QmQA2SBfre8u9ygt9MAuoXAj7qmGcTQTAP6AuCDGCGBhST','0xC7B72C41BB8dAC3a1E12daA2EC91e5782858dBcb','28087539',7,'2023-03-16 07:09:31',NULL,'0x610e84262A278e0aca36d32E08b822CC80FA5b85'),(244,'336','https://gateway.lighthouse.storage/ipfs/QmQx9f364k2iKvERM1LBocg7E7xJvpHuFqp1WzWAp5mkxt','0xC7B72C41BB8dAC3a1E12daA2EC91e5782858dBcb','28087539',7,'2023-03-16 07:09:33',NULL,'0x610e84262A278e0aca36d32E08b822CC80FA5b85'),(245,'337','https://gateway.lighthouse.storage/ipfs/Qmc6JYBXVZFaLo9NcgA6U5Wr8Jk4CTUURf4yc3FBP7d4cd','0xC7B72C41BB8dAC3a1E12daA2EC91e5782858dBcb','28087539',7,'2023-03-16 07:09:35',NULL,'0x610e84262A278e0aca36d32E08b822CC80FA5b85'),(246,'338','https://gateway.lighthouse.storage/ipfs/QmVy64TnS8EzCp4G1tjuQwhDSD1PgYhhcNP6vunvDQ5pgx','0xC7B72C41BB8dAC3a1E12daA2EC91e5782858dBcb','28087539',7,'2023-03-16 07:09:38',NULL,'0x610e84262A278e0aca36d32E08b822CC80FA5b85'),(247,'339','https://gateway.lighthouse.storage/ipfs/QmRUaG6B9Buqkz3RUyvVX2Bzd9dZibis4osmGRGKgLakvQ','0xC7B72C41BB8dAC3a1E12daA2EC91e5782858dBcb','28087539',7,'2023-03-16 07:09:40',NULL,'0x610e84262A278e0aca36d32E08b822CC80FA5b85'),(248,'340','https://gateway.lighthouse.storage/ipfs/QmRtqxzEpcKr9M9Y4ajmSKA1sf6GgUDEQzU3xcJNCsEQKq','0xC7B72C41BB8dAC3a1E12daA2EC91e5782858dBcb','28087539',7,'2023-03-16 07:09:42',NULL,'0x610e84262A278e0aca36d32E08b822CC80FA5b85'),(249,'341','https://gateway.lighthouse.storage/ipfs/QmVJQ5DB6gUVSGi4y6YkpJjZQakwujajC9Y8taYKqCnpww','0xC7B72C41BB8dAC3a1E12daA2EC91e5782858dBcb','28087539',7,'2023-03-16 07:09:44',NULL,'0x610e84262A278e0aca36d32E08b822CC80FA5b85'),(250,'342','https://gateway.lighthouse.storage/ipfs/QmNtJGXoyQgrtbkWz1mjFSGok6gNxniQJuAkCfndQreNir','0xC7B72C41BB8dAC3a1E12daA2EC91e5782858dBcb','28087539',7,'2023-03-16 07:09:47',NULL,'0x610e84262A278e0aca36d32E08b822CC80FA5b85'),(251,'343','https://gateway.lighthouse.storage/ipfs/QmbqizCrFYjncW7NhaASedux2g6dG1et9d3Dn69ZoWrAgp','0xC7B72C41BB8dAC3a1E12daA2EC91e5782858dBcb','28087539',7,'2023-03-16 07:09:49',NULL,'0x610e84262A278e0aca36d32E08b822CC80FA5b85'),(252,'344','https://gateway.lighthouse.storage/ipfs/QmRC9tV6LFhK7eEqfhDWNQcv7FPCwHp8GTE6W91oYNHw8u','0xC7B72C41BB8dAC3a1E12daA2EC91e5782858dBcb','28087539',7,'2023-03-16 07:09:51',NULL,'0x610e84262A278e0aca36d32E08b822CC80FA5b85'),(253,'345','https://gateway.lighthouse.storage/ipfs/QmXBeh7aegzTWc31LaaRWDrEV5LSu2KKn3EcQNHPemKdPw','0xC7B72C41BB8dAC3a1E12daA2EC91e5782858dBcb','28087539',7,'2023-03-16 07:09:53',NULL,'0x610e84262A278e0aca36d32E08b822CC80FA5b85'),(254,'346','https://gateway.lighthouse.storage/ipfs/QmPEn1uVcUzdAwzHiW1CBqySEM8hGm2y14RMV5kdmjq4tB','0xC7B72C41BB8dAC3a1E12daA2EC91e5782858dBcb','28087539',7,'2023-03-16 07:09:56',NULL,'0x610e84262A278e0aca36d32E08b822CC80FA5b85'),(255,'347','https://gateway.lighthouse.storage/ipfs/QmUCAZmHeM8ANH2SyB3EThQ69zBDsGj4UBTNEqoZQeM4oi','0xC7B72C41BB8dAC3a1E12daA2EC91e5782858dBcb','28087539',7,'2023-03-16 07:09:58',NULL,'0x610e84262A278e0aca36d32E08b822CC80FA5b85'),(256,'348','https://gateway.lighthouse.storage/ipfs/QmQVdtjhguFrecs2WdxdsBEehdj6PWrW5N5PrqQdUAb1RJ','0xC7B72C41BB8dAC3a1E12daA2EC91e5782858dBcb','28087539',7,'2023-03-16 07:10:00',NULL,'0x610e84262A278e0aca36d32E08b822CC80FA5b85'),(257,'349','https://gateway.lighthouse.storage/ipfs/QmT6qG3Tg9BW6wYAnpvVPQYhmdMNuXnTCd6qHR7sgErzYh','0xC7B72C41BB8dAC3a1E12daA2EC91e5782858dBcb','28087539',7,'2023-03-16 07:10:02',NULL,'0x610e84262A278e0aca36d32E08b822CC80FA5b85'),(258,'350','https://gateway.lighthouse.storage/ipfs/QmYWtW2KcULCgTdtEBuJ3vvaKjzsmYom2gFrA3ptJtvMXx','0xC7B72C41BB8dAC3a1E12daA2EC91e5782858dBcb','28087539',7,'2023-03-16 07:10:05',NULL,'0x610e84262A278e0aca36d32E08b822CC80FA5b85'),(259,'351','https://gateway.lighthouse.storage/ipfs/QmboxNkrjtu2t4YMerjRc2174NAR6yTctZnKC9WcmTHU6J','0xC7B72C41BB8dAC3a1E12daA2EC91e5782858dBcb','28087539',7,'2023-03-16 07:10:07',NULL,'0x610e84262A278e0aca36d32E08b822CC80FA5b85'),(260,'352','https://gateway.lighthouse.storage/ipfs/QmdMzTnfDhwrRh4GKTXVQj4JgHrC7TRhWbPWHVtf6aPzzC','0xC7B72C41BB8dAC3a1E12daA2EC91e5782858dBcb','28087539',7,'2023-03-16 07:10:09',NULL,'0x610e84262A278e0aca36d32E08b822CC80FA5b85'),(261,'353','https://gateway.lighthouse.storage/ipfs/QmeBwQD2qRzhyx3PApG9A66fnC9KC41j9vbVgM82i28AVs','0xC7B72C41BB8dAC3a1E12daA2EC91e5782858dBcb','28087539',7,'2023-03-16 07:10:11',NULL,'0x610e84262A278e0aca36d32E08b822CC80FA5b85'),(262,'354','https://gateway.lighthouse.storage/ipfs/QmTpnoAghoHMAQRYmEBk2iMNScvdCYUCJEc3RC8JVayB5L','0xC7B72C41BB8dAC3a1E12daA2EC91e5782858dBcb','28087539',7,'2023-03-16 07:10:13',NULL,'0x610e84262A278e0aca36d32E08b822CC80FA5b85'),(263,'355','https://gateway.lighthouse.storage/ipfs/QmeJDvYSeMmXMbSEWwLjdGv9uD2vfwCfU6caEsmTMN2faB','0xC7B72C41BB8dAC3a1E12daA2EC91e5782858dBcb','28087539',7,'2023-03-16 07:10:16',NULL,'0x610e84262A278e0aca36d32E08b822CC80FA5b85'),(264,'356','https://gateway.lighthouse.storage/ipfs/QmP3rTuV8BUc2JRiFEM5o8rV97TAYWrGxft2fCUbkM4rxo','0xC7B72C41BB8dAC3a1E12daA2EC91e5782858dBcb','28087539',7,'2023-03-16 07:10:18',NULL,'0x610e84262A278e0aca36d32E08b822CC80FA5b85'),(265,'357','https://gateway.lighthouse.storage/ipfs/QmSjJwtD8r7a1kDwxyA3KqxhqQPxuzWztEoQfdFvugQPWy','0xC7B72C41BB8dAC3a1E12daA2EC91e5782858dBcb','28087539',7,'2023-03-16 07:10:20',NULL,'0x610e84262A278e0aca36d32E08b822CC80FA5b85'),(266,'358','https://gateway.lighthouse.storage/ipfs/Qma8d7LxcRVc9nwWHMExS2R3CEujf6U2GdKnDjeMYb2Lte','0xC7B72C41BB8dAC3a1E12daA2EC91e5782858dBcb','28087539',7,'2023-03-16 07:10:22',NULL,'0x610e84262A278e0aca36d32E08b822CC80FA5b85'),(267,'359','https://gateway.lighthouse.storage/ipfs/QmVz88R6iFAkWUCrFgfhpC4FxcU3PrNVnpDyssk9n71oHu','0xC7B72C41BB8dAC3a1E12daA2EC91e5782858dBcb','28087539',7,'2023-03-16 07:10:25',NULL,'0x610e84262A278e0aca36d32E08b822CC80FA5b85'),(268,'360','https://gateway.lighthouse.storage/ipfs/Qmb5jasWAqbamm71jcQK6wdABGcdaooW3HQ3Em9A5nWRm6','0xC7B72C41BB8dAC3a1E12daA2EC91e5782858dBcb','28087539',7,'2023-03-16 07:10:27',NULL,'0x610e84262A278e0aca36d32E08b822CC80FA5b85'),(269,'361','https://gateway.lighthouse.storage/ipfs/QmQtuMsNEeoAh5beUkCgiu7ut4DySTvTkw7vCWYgrNqDUk','0xC7B72C41BB8dAC3a1E12daA2EC91e5782858dBcb','28087539',7,'2023-03-16 07:10:29',NULL,'0x610e84262A278e0aca36d32E08b822CC80FA5b85'),(270,'362','https://gateway.lighthouse.storage/ipfs/QmTPVdPsHyEqvL2RCm4xCWaBsWrfuARZte4QLJQETtAGZN','0xC7B72C41BB8dAC3a1E12daA2EC91e5782858dBcb','28087539',7,'2023-03-16 07:10:31',NULL,'0x610e84262A278e0aca36d32E08b822CC80FA5b85'),(271,'363','https://gateway.lighthouse.storage/ipfs/QmYPoEFwKLYqRd58zLWxyB6NDy5S94Jsrh5ebypEUryeak','0xC7B72C41BB8dAC3a1E12daA2EC91e5782858dBcb','28087539',7,'2023-03-16 07:10:34',NULL,'0x610e84262A278e0aca36d32E08b822CC80FA5b85'),(272,'364','https://gateway.lighthouse.storage/ipfs/QmeP4aqnotxvNDzaaPzN18LVHx3v8Fknh6qBWKHwppqmfN','0xC7B72C41BB8dAC3a1E12daA2EC91e5782858dBcb','28087539',7,'2023-03-16 07:10:36',NULL,'0x610e84262A278e0aca36d32E08b822CC80FA5b85'),(273,'365','https://gateway.lighthouse.storage/ipfs/QmZAfjao9pyNwwe2eNvtKJDHACmFsdvfrQEyAmkoktdJbJ','0xC7B72C41BB8dAC3a1E12daA2EC91e5782858dBcb','28087539',7,'2023-03-16 07:10:38',NULL,'0x610e84262A278e0aca36d32E08b822CC80FA5b85'),(274,'366','https://gateway.lighthouse.storage/ipfs/QmWPG6cezJTtGYoNTUUqZyLJjqXcgLKKqZSDL1adSKahVW','0xC7B72C41BB8dAC3a1E12daA2EC91e5782858dBcb','28087539',7,'2023-03-16 07:10:40',NULL,'0x610e84262A278e0aca36d32E08b822CC80FA5b85'),(275,'367','https://gateway.lighthouse.storage/ipfs/QmY5L33NbxJnEzNqoWWY3dwQR2G4UWZek6LLcSnxcTSZaz','0xC7B72C41BB8dAC3a1E12daA2EC91e5782858dBcb','28087539',7,'2023-03-16 07:10:42',NULL,'0x610e84262A278e0aca36d32E08b822CC80FA5b85'),(276,'368','https://gateway.lighthouse.storage/ipfs/QmWJkKJSgZGFUfVr4nagjJy78H2oeJYgSupxETMGD34mep','0xC7B72C41BB8dAC3a1E12daA2EC91e5782858dBcb','28087539',7,'2023-03-16 07:10:45',NULL,'0x610e84262A278e0aca36d32E08b822CC80FA5b85'),(277,'369','https://gateway.lighthouse.storage/ipfs/QmZH3wqeB2B5AGzrV48BJ5Um84SQeCWRP2kcravedXs3cE','0xC7B72C41BB8dAC3a1E12daA2EC91e5782858dBcb','28087539',7,'2023-03-16 07:10:47',NULL,'0x610e84262A278e0aca36d32E08b822CC80FA5b85'),(278,'370','https://gateway.lighthouse.storage/ipfs/QmSzAYzkuMEstQgxzjD6jcnBULUszwUGB75vT97HwuoUFi','0xC7B72C41BB8dAC3a1E12daA2EC91e5782858dBcb','28087539',7,'2023-03-16 07:10:49',NULL,'0x610e84262A278e0aca36d32E08b822CC80FA5b85'),(279,'371','https://gateway.lighthouse.storage/ipfs/QmbAN14zcaJRF4JqPgn8nwbdJ9mHDzj8GypxE7QPekmrVx','0xC7B72C41BB8dAC3a1E12daA2EC91e5782858dBcb','28087539',7,'2023-03-16 07:10:51',NULL,'0x610e84262A278e0aca36d32E08b822CC80FA5b85'),(280,'372','https://gateway.lighthouse.storage/ipfs/QmXaB8mBzTv4iycRuugtGBWnUnxHe9JYb6cMU4YGeedy8Y','0xC7B72C41BB8dAC3a1E12daA2EC91e5782858dBcb','28087539',7,'2023-03-16 07:10:53',NULL,'0x610e84262A278e0aca36d32E08b822CC80FA5b85'),(281,'373','https://gateway.lighthouse.storage/ipfs/QmVGjymyn6wSCiVb8eg2ugFEKEntsNXtES84krBTNTYG5d','0xC7B72C41BB8dAC3a1E12daA2EC91e5782858dBcb','28087539',7,'2023-03-16 07:10:56',NULL,'0x610e84262A278e0aca36d32E08b822CC80FA5b85'),(282,'374','https://gateway.lighthouse.storage/ipfs/QmbyzjU6WUNYHph31Q5RQg58Br3g85Lg8WwEzzwWBUF8uN','0xC7B72C41BB8dAC3a1E12daA2EC91e5782858dBcb','28087539',7,'2023-03-16 07:10:58',NULL,'0x610e84262A278e0aca36d32E08b822CC80FA5b85'),(283,'375','https://gateway.lighthouse.storage/ipfs/QmT3iTwCsW6NtgeGVDFHPEAe2uGUu8bpoyVJ7tE9irSAoK','0xC7B72C41BB8dAC3a1E12daA2EC91e5782858dBcb','28087539',7,'2023-03-16 07:11:00',NULL,'0x610e84262A278e0aca36d32E08b822CC80FA5b85'),(284,'376','https://gateway.lighthouse.storage/ipfs/QmWe54Qrx8CpFce2KjPStLeXBf2MSbZtR9gY5RUxRujwRX','0xC7B72C41BB8dAC3a1E12daA2EC91e5782858dBcb','28087539',7,'2023-03-16 07:11:02',NULL,'0x610e84262A278e0aca36d32E08b822CC80FA5b85'),(285,'377','https://gateway.lighthouse.storage/ipfs/QmabvVYiKTBFo1byJogxsyJfzy2o54Y8kShPV2ihd9cBEL','0xC7B72C41BB8dAC3a1E12daA2EC91e5782858dBcb','28087539',7,'2023-03-16 07:11:05',NULL,'0x610e84262A278e0aca36d32E08b822CC80FA5b85'),(286,'378','https://gateway.lighthouse.storage/ipfs/QmWU4PfR3r7BqZj67cVkLbCZ14kcr3EPXG5Wx83BytJxNC','0xC7B72C41BB8dAC3a1E12daA2EC91e5782858dBcb','28087539',7,'2023-03-16 07:11:07',NULL,'0x610e84262A278e0aca36d32E08b822CC80FA5b85'),(287,'379','https://gateway.lighthouse.storage/ipfs/QmYLMG4XSHGKx4FUJ7ADeJERAZGhGKPakU96poGdgVHxuj','0xC7B72C41BB8dAC3a1E12daA2EC91e5782858dBcb','28087539',7,'2023-03-16 07:11:09',NULL,'0x610e84262A278e0aca36d32E08b822CC80FA5b85'),(288,'380','https://gateway.lighthouse.storage/ipfs/QmUyGr4Vt2ubDwFH95mqJ2oFUQRHz2cw6DhU6geupRKvti','0xC7B72C41BB8dAC3a1E12daA2EC91e5782858dBcb','28087539',7,'2023-03-16 07:11:11',NULL,'0x610e84262A278e0aca36d32E08b822CC80FA5b85'),(289,'381','https://gateway.lighthouse.storage/ipfs/QmaE6ZLyQbBJQVVoXRZiunSz48Td9Jsfye1zZaSLCZsKh7','0xC7B72C41BB8dAC3a1E12daA2EC91e5782858dBcb','28087539',7,'2023-03-16 07:11:14',NULL,'0x610e84262A278e0aca36d32E08b822CC80FA5b85'),(290,'382','https://gateway.lighthouse.storage/ipfs/QmSbm9vHp2gdhGg3bMz9cYSv8Cwhp19eTEhpepQvejjp32','0xC7B72C41BB8dAC3a1E12daA2EC91e5782858dBcb','28087539',7,'2023-03-16 07:11:16',NULL,'0x610e84262A278e0aca36d32E08b822CC80FA5b85'),(291,'383','https://gateway.lighthouse.storage/ipfs/QmXV9r4HPiijB8q1P8rVLemJgMcfV654sRokMjwRYsjh91','0xC7B72C41BB8dAC3a1E12daA2EC91e5782858dBcb','28087539',7,'2023-03-16 07:11:18',NULL,'0x610e84262A278e0aca36d32E08b822CC80FA5b85'),(292,'384','https://gateway.lighthouse.storage/ipfs/Qmb2zz4ueFrAV2gCG5uMqxfbTodX4S1PRf5JzFxeQsaGaQ','0xC7B72C41BB8dAC3a1E12daA2EC91e5782858dBcb','28087539',7,'2023-03-16 07:11:20',NULL,'0x610e84262A278e0aca36d32E08b822CC80FA5b85'),(293,'385','https://gateway.lighthouse.storage/ipfs/QmauNGujRheLXDFscJ1b5ApUJfyLt7KuXK7ESpMG76Ebmt','0xC7B72C41BB8dAC3a1E12daA2EC91e5782858dBcb','28087539',7,'2023-03-16 07:11:23',NULL,'0x610e84262A278e0aca36d32E08b822CC80FA5b85'),(294,'386','https://gateway.lighthouse.storage/ipfs/QmWHxRf3dm1VVtmngUhMCni3YtmDzyDMYQXtsAN2Kcb29P','0xC7B72C41BB8dAC3a1E12daA2EC91e5782858dBcb','28087539',7,'2023-03-16 07:11:25',NULL,'0x610e84262A278e0aca36d32E08b822CC80FA5b85'),(295,'387','https://gateway.lighthouse.storage/ipfs/Qmdk1wBPLE6octDZfz1bukLnKZDPJkgycjM4ZS5Ky4VjYd','0xC7B72C41BB8dAC3a1E12daA2EC91e5782858dBcb','28087539',7,'2023-03-16 07:11:27',NULL,'0x610e84262A278e0aca36d32E08b822CC80FA5b85'),(296,'388','https://gateway.lighthouse.storage/ipfs/QmNx926wRzMFS7FGV7LRCpobnG77N76qULHbQL3hiHzryT','0xC7B72C41BB8dAC3a1E12daA2EC91e5782858dBcb','28087539',7,'2023-03-16 07:11:29',NULL,'0x610e84262A278e0aca36d32E08b822CC80FA5b85'),(297,'389','https://gateway.lighthouse.storage/ipfs/QmXknQYKYrbvZwmizyoCyubAE6JBYzxSKb3JKuogypSWDV','0xC7B72C41BB8dAC3a1E12daA2EC91e5782858dBcb','28087539',7,'2023-03-16 07:11:31',NULL,'0x610e84262A278e0aca36d32E08b822CC80FA5b85'),(298,'390','https://gateway.lighthouse.storage/ipfs/QmTfgtntPdgDEbSuEw3CSSVR3V4eVGWiWUNHAwZYQgw9zF','0xC7B72C41BB8dAC3a1E12daA2EC91e5782858dBcb','28087539',7,'2023-03-16 07:11:34',NULL,'0x610e84262A278e0aca36d32E08b822CC80FA5b85'),(299,'391','https://gateway.lighthouse.storage/ipfs/QmR3sfckTpwLWmhPyBLNFHg9kaRPkn5adCVzLttjz3y7dx','0xC7B72C41BB8dAC3a1E12daA2EC91e5782858dBcb','28087539',7,'2023-03-16 07:11:36',NULL,'0x610e84262A278e0aca36d32E08b822CC80FA5b85'),(300,'392','https://gateway.lighthouse.storage/ipfs/Qmc9kTivmnbrKzNvpkzDC25EV869Ww8jgmmY3ARckjfozr','0xC7B72C41BB8dAC3a1E12daA2EC91e5782858dBcb','28087539',7,'2023-03-16 07:11:38',NULL,'0x610e84262A278e0aca36d32E08b822CC80FA5b85'),(301,'393','https://gateway.lighthouse.storage/ipfs/QmUaELpvWYjLu1T7aUU53KZqUH6pZpRVP3CjN4cL8yNr4d','0xC7B72C41BB8dAC3a1E12daA2EC91e5782858dBcb','28087539',7,'2023-03-16 07:11:40',NULL,'0x610e84262A278e0aca36d32E08b822CC80FA5b85'),(302,'394','https://gateway.lighthouse.storage/ipfs/QmVfxq2zYJRcYhWQK4oqjWEx2nxWriW2SdX2mvDRwT21eM','0xC7B72C41BB8dAC3a1E12daA2EC91e5782858dBcb','28087539',7,'2023-03-16 07:11:43',NULL,'0x610e84262A278e0aca36d32E08b822CC80FA5b85'),(303,'395','https://gateway.lighthouse.storage/ipfs/QmfJw8eKitY8QZF6GbPvZGmcMmT41cks5uDkP3Dpuydu4V','0xC7B72C41BB8dAC3a1E12daA2EC91e5782858dBcb','28087539',7,'2023-03-16 07:11:45',NULL,'0x610e84262A278e0aca36d32E08b822CC80FA5b85'),(304,'396','https://gateway.lighthouse.storage/ipfs/QmaFr4BcdqDcQJwTg4yvWNQevkeTEG5ad4aEimqMUAn4ts','0xC7B72C41BB8dAC3a1E12daA2EC91e5782858dBcb','28087539',7,'2023-03-16 07:11:47',NULL,'0x610e84262A278e0aca36d32E08b822CC80FA5b85'),(305,'397','https://gateway.lighthouse.storage/ipfs/QmSmjFBkahxV11w1ziahVggGSussLekm8TWDn7QaHVr55n','0xC7B72C41BB8dAC3a1E12daA2EC91e5782858dBcb','28087539',7,'2023-03-16 07:11:49',NULL,'0x610e84262A278e0aca36d32E08b822CC80FA5b85'),(306,'398','https://gateway.lighthouse.storage/ipfs/QmYikJJngwyGigVEpN3n8Z68n1ZGFfeEJQQjq97QngKbNc','0xC7B72C41BB8dAC3a1E12daA2EC91e5782858dBcb','28087539',7,'2023-03-16 07:11:51',NULL,'0x610e84262A278e0aca36d32E08b822CC80FA5b85'),(307,'399','https://gateway.lighthouse.storage/ipfs/QmNgVVem6p4b5wCzF2ZLsogfD9XkvjM9y93Nx4rTX24ec9','0xC7B72C41BB8dAC3a1E12daA2EC91e5782858dBcb','28087539',7,'2023-03-16 07:11:54',NULL,'0x610e84262A278e0aca36d32E08b822CC80FA5b85'),(308,'400','https://gateway.lighthouse.storage/ipfs/QmXArVLYMaBRkgbh5avRuEAG789Ponc4SZ7sTnwRXMAwMW','0xC7B72C41BB8dAC3a1E12daA2EC91e5782858dBcb','28087539',7,'2023-03-16 07:11:56',NULL,'0x610e84262A278e0aca36d32E08b822CC80FA5b85'),(309,'401','https://gateway.lighthouse.storage/ipfs/QmRae7gx57663EEYxKo69Adyc188AjgyQfBrVuZEAX3vDH','0xC7B72C41BB8dAC3a1E12daA2EC91e5782858dBcb','28087539',7,'2023-03-16 07:11:58',NULL,'0x610e84262A278e0aca36d32E08b822CC80FA5b85'),(310,'402','https://gateway.lighthouse.storage/ipfs/QmRPhjgC8mycCyCCqcFzwfrBpdHbkf82BapeXiD8pu7xC9','0xC7B72C41BB8dAC3a1E12daA2EC91e5782858dBcb','28087539',7,'2023-03-16 07:12:00',NULL,'0x610e84262A278e0aca36d32E08b822CC80FA5b85'),(311,'403','https://gateway.lighthouse.storage/ipfs/QmQ4sYvRF3ZJhPhUywn96MyqBRQ8hsUdZgevY5UD3vDYSN','0xC7B72C41BB8dAC3a1E12daA2EC91e5782858dBcb','28087539',7,'2023-03-16 07:12:03',NULL,'0x610e84262A278e0aca36d32E08b822CC80FA5b85'),(312,'404','https://gateway.lighthouse.storage/ipfs/Qmb8YzqsgMgSyjWaccXKTN6eZXcrovJPa777TNfeWagSi6','0xC7B72C41BB8dAC3a1E12daA2EC91e5782858dBcb','28087539',7,'2023-03-16 07:12:05',NULL,'0x610e84262A278e0aca36d32E08b822CC80FA5b85'),(313,'405','https://gateway.lighthouse.storage/ipfs/QmZN3D5KgsPDiU66XUQnWZiQG1REVBXVdiXPaYN5Ny2jrs','0xC7B72C41BB8dAC3a1E12daA2EC91e5782858dBcb','28087539',7,'2023-03-16 07:12:07',NULL,'0x610e84262A278e0aca36d32E08b822CC80FA5b85'),(314,'406','https://gateway.lighthouse.storage/ipfs/QmewqKckw1LjzYe1qGecKvxXJY44YGpG7s6Exz5GBuJ6tD','0xC7B72C41BB8dAC3a1E12daA2EC91e5782858dBcb','28087539',7,'2023-03-16 07:12:09',NULL,'0x610e84262A278e0aca36d32E08b822CC80FA5b85'),(315,'407','https://gateway.lighthouse.storage/ipfs/QmP7kw6trWfxTQzxYMkoF7kkKAeFePdaAYRwWxkyx1du88','0xC7B72C41BB8dAC3a1E12daA2EC91e5782858dBcb','28087539',7,'2023-03-16 07:12:12',NULL,'0x610e84262A278e0aca36d32E08b822CC80FA5b85'),(316,'408','https://gateway.lighthouse.storage/ipfs/QmaTZxK1zy55epfsTWxG56Fn9YEJzefWxbZt1yVcFXzdn4','0xC7B72C41BB8dAC3a1E12daA2EC91e5782858dBcb','28087539',7,'2023-03-16 07:12:14',NULL,'0x610e84262A278e0aca36d32E08b822CC80FA5b85'),(317,'409','https://gateway.lighthouse.storage/ipfs/QmdSvUi7NvvgCUSexoQeZzggxLoCudHP8bNSkZP8yW8ei1','0xC7B72C41BB8dAC3a1E12daA2EC91e5782858dBcb','28087539',7,'2023-03-16 07:12:16',NULL,'0x610e84262A278e0aca36d32E08b822CC80FA5b85'),(318,'410','https://gateway.lighthouse.storage/ipfs/QmY2m1zGJoXNocgZvYsQph5UwMH6QnRAjbpHfB4oT7EqjZ','0xC7B72C41BB8dAC3a1E12daA2EC91e5782858dBcb','28087539',7,'2023-03-16 07:12:18',NULL,'0x610e84262A278e0aca36d32E08b822CC80FA5b85'),(319,'411','https://gateway.lighthouse.storage/ipfs/QmSCbDyrZv6XoUiYrxjVrKpA47ujFDcJBLBsYmsgN7nEj6','0xC7B72C41BB8dAC3a1E12daA2EC91e5782858dBcb','28087539',7,'2023-03-16 07:12:21',NULL,'0x610e84262A278e0aca36d32E08b822CC80FA5b85'),(320,'412','https://gateway.lighthouse.storage/ipfs/QmYvYsnyBHiTcYV6AcYs28FX4btTTicpc8ME6jA17GLwoZ','0xC7B72C41BB8dAC3a1E12daA2EC91e5782858dBcb','28087539',7,'2023-03-16 07:12:23',NULL,'0x610e84262A278e0aca36d32E08b822CC80FA5b85'),(321,'413','https://gateway.lighthouse.storage/ipfs/QmUTN9utfubAcR8aN7aBTqSTomtEE6PMEdNeAsVJxKGt7M','0xC7B72C41BB8dAC3a1E12daA2EC91e5782858dBcb','28087539',7,'2023-03-16 07:12:25',NULL,'0x610e84262A278e0aca36d32E08b822CC80FA5b85'),(322,'414','https://gateway.lighthouse.storage/ipfs/QmP8aMxroYijfe7ZDHLaprjDxFqZup1nvjvazXeMZ8ptyC','0xC7B72C41BB8dAC3a1E12daA2EC91e5782858dBcb','28087539',7,'2023-03-16 07:12:27',NULL,'0x610e84262A278e0aca36d32E08b822CC80FA5b85'),(323,'415','https://gateway.lighthouse.storage/ipfs/QmUKdW5hDu7VLaRUnLiGMME4Tkw6yMRNVKBiPV9FXiZooS','0xC7B72C41BB8dAC3a1E12daA2EC91e5782858dBcb','28087539',7,'2023-03-16 07:12:30',NULL,'0x610e84262A278e0aca36d32E08b822CC80FA5b85'),(324,'416','https://gateway.lighthouse.storage/ipfs/Qmcg33syuknyx1bHrxbPJ725b88ohx7iypec6eT2ziMDnU','0xC7B72C41BB8dAC3a1E12daA2EC91e5782858dBcb','28087539',7,'2023-03-16 07:12:32',NULL,'0x610e84262A278e0aca36d32E08b822CC80FA5b85'),(325,'417','https://gateway.lighthouse.storage/ipfs/QmQxpCdLygxyyrSGWCnkoqLijV8EgHNbpeYJKkz4xUuDMw','0xC7B72C41BB8dAC3a1E12daA2EC91e5782858dBcb','28087539',7,'2023-03-16 07:12:34',NULL,'0x610e84262A278e0aca36d32E08b822CC80FA5b85'),(326,'418','https://gateway.lighthouse.storage/ipfs/QmWnPyHqQzL5gSmEmaeAjNqmHrwi4ryZc3V3J3FnAa97MS','0xC7B72C41BB8dAC3a1E12daA2EC91e5782858dBcb','28087539',7,'2023-03-16 07:12:36',NULL,'0x610e84262A278e0aca36d32E08b822CC80FA5b85'),(327,'419','https://gateway.lighthouse.storage/ipfs/QmbXyNxQpm1mEWrF1rW8JxRHCTMXXj3vmpNCmikuGusL6s','0xC7B72C41BB8dAC3a1E12daA2EC91e5782858dBcb','28087539',7,'2023-03-16 07:12:39',NULL,'0x610e84262A278e0aca36d32E08b822CC80FA5b85'),(328,'420','https://gateway.lighthouse.storage/ipfs/QmcuhM6C8h2vHtWk6VWQ3TCzoAHCqNeP294aCTPRcaBB7o','0xC7B72C41BB8dAC3a1E12daA2EC91e5782858dBcb','28087539',7,'2023-03-16 07:12:41',NULL,'0x610e84262A278e0aca36d32E08b822CC80FA5b85'),(329,'421','https://gateway.lighthouse.storage/ipfs/QmQ4qehLKAh2fs3fa9BQ1MMUouLTSrDVq3a6DQ98RwxnEH','0xC7B72C41BB8dAC3a1E12daA2EC91e5782858dBcb','28087539',7,'2023-03-16 07:12:43',NULL,'0x610e84262A278e0aca36d32E08b822CC80FA5b85'),(330,'422','https://gateway.lighthouse.storage/ipfs/QmbidsJa9DY4Fee8W5RHhskswtjQj4PHaoNfk7NxCR9LZZ','0xC7B72C41BB8dAC3a1E12daA2EC91e5782858dBcb','28087539',7,'2023-03-16 07:12:45',NULL,'0x610e84262A278e0aca36d32E08b822CC80FA5b85'),(331,'423','https://gateway.lighthouse.storage/ipfs/Qmf4g6DHCbLN2tHBKznma4oEpAG5xVigci6ekMWvFtDW4W','0xC7B72C41BB8dAC3a1E12daA2EC91e5782858dBcb','28087539',7,'2023-03-16 07:12:47',NULL,'0x610e84262A278e0aca36d32E08b822CC80FA5b85'),(332,'424','https://gateway.lighthouse.storage/ipfs/QmQchvdVghp2rVXbnojx7H98gdaoY74SCwGNrKUSBPedqz','0xC7B72C41BB8dAC3a1E12daA2EC91e5782858dBcb','28087539',7,'2023-03-16 07:12:50',NULL,'0x610e84262A278e0aca36d32E08b822CC80FA5b85'),(333,'425','https://gateway.lighthouse.storage/ipfs/QmVrZiTaFvi6mcytY3Cp61hQ9herqyxKMLU9ryEnEWp9Bx','0xC7B72C41BB8dAC3a1E12daA2EC91e5782858dBcb','28087539',7,'2023-03-16 07:12:52',NULL,'0x610e84262A278e0aca36d32E08b822CC80FA5b85'),(334,'426','https://gateway.lighthouse.storage/ipfs/QmVKiNM7b6oPQgzt7oqRzbJwjnVXG3rhw4TjmqNTstSoNf','0xC7B72C41BB8dAC3a1E12daA2EC91e5782858dBcb','28087541',7,'2023-03-16 07:12:54',NULL,'0x610e84262A278e0aca36d32E08b822CC80FA5b85'),(335,'427','https://gateway.lighthouse.storage/ipfs/Qmc3y52Kogdra9ETW7rxwP9ts1s1sRWk5S8Bggu5wzq1yN','0xC7B72C41BB8dAC3a1E12daA2EC91e5782858dBcb','28087541',7,'2023-03-16 07:12:56',NULL,'0x610e84262A278e0aca36d32E08b822CC80FA5b85'),(336,'428','https://gateway.lighthouse.storage/ipfs/QmVfDytN99n6ZowL5RqvcDgZSxYNKtWncxP6bBuvk5h98r','0xC7B72C41BB8dAC3a1E12daA2EC91e5782858dBcb','28087541',7,'2023-03-16 07:12:59',NULL,'0x610e84262A278e0aca36d32E08b822CC80FA5b85'),(337,'429','https://gateway.lighthouse.storage/ipfs/QmVzTK5inP3NMLpZcnVrTqYd5qdpiBtDVNnzL4WhNVk2uw','0xC7B72C41BB8dAC3a1E12daA2EC91e5782858dBcb','28087541',7,'2023-03-16 07:13:01',NULL,'0x610e84262A278e0aca36d32E08b822CC80FA5b85'),(338,'430','https://gateway.lighthouse.storage/ipfs/QmZW3G87EAJ7YtKnFyLoEmbFBof5k9qh21snSbijw92MDn','0xC7B72C41BB8dAC3a1E12daA2EC91e5782858dBcb','28087541',7,'2023-03-16 07:13:03',NULL,'0x610e84262A278e0aca36d32E08b822CC80FA5b85'),(339,'431','https://gateway.lighthouse.storage/ipfs/QmdoUUMJy6kNg89LXN5eQS1xCZoe5wmLAVoDuqn7Rh82d1','0xC7B72C41BB8dAC3a1E12daA2EC91e5782858dBcb','28087541',7,'2023-03-16 07:13:05',NULL,'0x610e84262A278e0aca36d32E08b822CC80FA5b85'),(340,'432','https://gateway.lighthouse.storage/ipfs/QmQiEDvkwtLE6G38b9m6dDn4ypqQVcpQ2pFHEZSeFVAwLs','0xC7B72C41BB8dAC3a1E12daA2EC91e5782858dBcb','28087541',7,'2023-03-16 07:13:08',NULL,'0x610e84262A278e0aca36d32E08b822CC80FA5b85'),(341,'433','https://gateway.lighthouse.storage/ipfs/QmTuqnZB5coVUHGLzj65Z8g3zTyzFa8CQPkvFMhZpf8mGY','0xC7B72C41BB8dAC3a1E12daA2EC91e5782858dBcb','28087541',7,'2023-03-16 07:13:10',NULL,'0x610e84262A278e0aca36d32E08b822CC80FA5b85'),(342,'434','https://gateway.lighthouse.storage/ipfs/QmPVPcmuu6oYrPMgNwHQEuZTmvuza49JGzgK62EqjoYFeT','0xC7B72C41BB8dAC3a1E12daA2EC91e5782858dBcb','28087541',7,'2023-03-16 07:13:12',NULL,'0x610e84262A278e0aca36d32E08b822CC80FA5b85'),(343,'435','https://gateway.lighthouse.storage/ipfs/QmTiZXo5ePUyY7iNhZUjADLkV1TqswAWyqdSpbHGVSpLaL','0xC7B72C41BB8dAC3a1E12daA2EC91e5782858dBcb','28087541',7,'2023-03-16 07:13:14',NULL,'0x610e84262A278e0aca36d32E08b822CC80FA5b85'),(344,'436','https://gateway.lighthouse.storage/ipfs/Qmb4JM88zuoJAw13Vj23ZUzgKirWpSLFWTkqVvXgJcvwzD','0xC7B72C41BB8dAC3a1E12daA2EC91e5782858dBcb','28087541',7,'2023-03-16 07:13:17',NULL,'0x610e84262A278e0aca36d32E08b822CC80FA5b85'),(345,'437','https://gateway.lighthouse.storage/ipfs/QmXdQLrbGLMLg367WhJ8xz3jHpby72oLh9yhZiT5vQZfV2','0xC7B72C41BB8dAC3a1E12daA2EC91e5782858dBcb','28087541',7,'2023-03-16 07:13:19',NULL,'0x610e84262A278e0aca36d32E08b822CC80FA5b85'),(346,'438','https://gateway.lighthouse.storage/ipfs/QmZxehWVSphGTNnM611PtNUgeVQKD99YqpmxCv8DKewGFy','0xC7B72C41BB8dAC3a1E12daA2EC91e5782858dBcb','28087541',7,'2023-03-16 07:13:21',NULL,'0x610e84262A278e0aca36d32E08b822CC80FA5b85'),(347,'439','https://gateway.lighthouse.storage/ipfs/QmUEdvjEToXcauea3N8YQf4JFXyykrmamAeET4Zngz4svR','0xC7B72C41BB8dAC3a1E12daA2EC91e5782858dBcb','28087541',7,'2023-03-16 07:13:23',NULL,'0x610e84262A278e0aca36d32E08b822CC80FA5b85'),(348,'440','https://gateway.lighthouse.storage/ipfs/QmeG7RWGf9t3GzS6TM9cpgbt8XZXGYfKPg7ymjN81TXDph','0xC7B72C41BB8dAC3a1E12daA2EC91e5782858dBcb','28087541',7,'2023-03-16 07:13:25',NULL,'0x610e84262A278e0aca36d32E08b822CC80FA5b85'),(349,'441','https://gateway.lighthouse.storage/ipfs/QmegE3oqvmYckZdzY9JkKcFt9pjfS7V4zwFgmvUXdQBPhq','0xC7B72C41BB8dAC3a1E12daA2EC91e5782858dBcb','28087541',7,'2023-03-16 07:13:28',NULL,'0x610e84262A278e0aca36d32E08b822CC80FA5b85'),(350,'442','https://gateway.lighthouse.storage/ipfs/QmPqe41HNbFDiJvSuzzkH96115qsuz2c1hfqNxXjj7A7f6','0xC7B72C41BB8dAC3a1E12daA2EC91e5782858dBcb','28087541',7,'2023-03-16 07:13:30',NULL,'0x610e84262A278e0aca36d32E08b822CC80FA5b85'),(351,'443','https://gateway.lighthouse.storage/ipfs/QmTBWeb82gFEZiLLUpNxRPqAoTh1aPTuUwvpdQ6koW33co','0xC7B72C41BB8dAC3a1E12daA2EC91e5782858dBcb','28087541',7,'2023-03-16 07:13:32',NULL,'0x610e84262A278e0aca36d32E08b822CC80FA5b85'),(352,'444','https://gateway.lighthouse.storage/ipfs/QmPMevuCY1zqszGpKJiKoE2UYb3KBnSDnRzCt9xJT2ErU5','0xC7B72C41BB8dAC3a1E12daA2EC91e5782858dBcb','28087541',7,'2023-03-16 07:13:34',NULL,'0x610e84262A278e0aca36d32E08b822CC80FA5b85'),(353,'445','https://gateway.lighthouse.storage/ipfs/QmYFKfxM7ZvVKS6UTFLiGx9naMnxxCy3aqg2mt8UtvCKpM','0xC7B72C41BB8dAC3a1E12daA2EC91e5782858dBcb','28087541',7,'2023-03-16 07:13:37',NULL,'0x610e84262A278e0aca36d32E08b822CC80FA5b85'),(354,'446','https://gateway.lighthouse.storage/ipfs/QmUrWDsoSYKjqJtwSvTDMHVXeNS3nw7EqcPs19fHV91255','0xC7B72C41BB8dAC3a1E12daA2EC91e5782858dBcb','28087541',7,'2023-03-16 07:13:39',NULL,'0x610e84262A278e0aca36d32E08b822CC80FA5b85'),(355,'447','https://gateway.lighthouse.storage/ipfs/QmZ9Ggoe7BgN6nHK6j9coKSfCVFfdpxfy11fY7VGNSriRA','0xC7B72C41BB8dAC3a1E12daA2EC91e5782858dBcb','28087541',7,'2023-03-16 07:13:41',NULL,'0x610e84262A278e0aca36d32E08b822CC80FA5b85'),(356,'448','https://gateway.lighthouse.storage/ipfs/QmV9r3sWnHmiK9BrbstS8D6Y2h7QAKY8FncpEY2gUsbtZm','0xC7B72C41BB8dAC3a1E12daA2EC91e5782858dBcb','28087541',7,'2023-03-16 07:13:43',NULL,'0x610e84262A278e0aca36d32E08b822CC80FA5b85'),(357,'449','https://gateway.lighthouse.storage/ipfs/QmQjzDsv584TocpgCX7nHEVYXTmHYhB1srENFQncgBPaRB','0xC7B72C41BB8dAC3a1E12daA2EC91e5782858dBcb','28087541',7,'2023-03-16 07:13:46',NULL,'0x610e84262A278e0aca36d32E08b822CC80FA5b85'),(358,'450','https://gateway.lighthouse.storage/ipfs/QmbnRRzbHAzREmeEELzrQ6zSxvH4Mf95c6nn9EM8kE4sYN','0xC7B72C41BB8dAC3a1E12daA2EC91e5782858dBcb','28087541',7,'2023-03-16 07:13:48',NULL,'0x610e84262A278e0aca36d32E08b822CC80FA5b85'),(359,'451','https://gateway.lighthouse.storage/ipfs/QmRZ1CmYThYpfAcBVUKK48NE1N8KjNXhop6EBhzU4AhvPt','0xC7B72C41BB8dAC3a1E12daA2EC91e5782858dBcb','28087541',7,'2023-03-16 07:13:50',NULL,'0x610e84262A278e0aca36d32E08b822CC80FA5b85'),(360,'452','https://gateway.lighthouse.storage/ipfs/QmThp3KPD7DZ4nkyZkmkTR4HkxHipttXDanRTJLWhDzgRL','0xC7B72C41BB8dAC3a1E12daA2EC91e5782858dBcb','28087541',7,'2023-03-16 07:13:52',NULL,'0x610e84262A278e0aca36d32E08b822CC80FA5b85'),(361,'453','https://gateway.lighthouse.storage/ipfs/QmdeXrvFSD8FyNUSC5NsWCSgVSKgc5FVrjjk8No5RQpTWG','0xC7B72C41BB8dAC3a1E12daA2EC91e5782858dBcb','28087541',7,'2023-03-16 07:13:54',NULL,'0x610e84262A278e0aca36d32E08b822CC80FA5b85'),(362,'454','https://gateway.lighthouse.storage/ipfs/Qmea1jaBubqTWJYD9EemVaXWKATsYejtmbRGAUC7a2FfUN','0xC7B72C41BB8dAC3a1E12daA2EC91e5782858dBcb','28087541',7,'2023-03-16 07:13:57',NULL,'0x610e84262A278e0aca36d32E08b822CC80FA5b85'),(363,'455','https://gateway.lighthouse.storage/ipfs/QmQA2SBfre8u9ygt9MAuoXAj7qmGcTQTAP6AuCDGCGBhST','0xC7B72C41BB8dAC3a1E12daA2EC91e5782858dBcb','28087541',7,'2023-03-16 07:13:59',NULL,'0x610e84262A278e0aca36d32E08b822CC80FA5b85'),(364,'456','https://gateway.lighthouse.storage/ipfs/QmQx9f364k2iKvERM1LBocg7E7xJvpHuFqp1WzWAp5mkxt','0xC7B72C41BB8dAC3a1E12daA2EC91e5782858dBcb','28087541',7,'2023-03-16 07:14:01',NULL,'0x610e84262A278e0aca36d32E08b822CC80FA5b85'),(365,'457','https://gateway.lighthouse.storage/ipfs/Qmc6JYBXVZFaLo9NcgA6U5Wr8Jk4CTUURf4yc3FBP7d4cd','0xC7B72C41BB8dAC3a1E12daA2EC91e5782858dBcb','28087541',7,'2023-03-16 07:14:03',NULL,'0x610e84262A278e0aca36d32E08b822CC80FA5b85'),(366,'458','https://gateway.lighthouse.storage/ipfs/QmVy64TnS8EzCp4G1tjuQwhDSD1PgYhhcNP6vunvDQ5pgx','0xC7B72C41BB8dAC3a1E12daA2EC91e5782858dBcb','28087541',7,'2023-03-16 07:14:06',NULL,'0x610e84262A278e0aca36d32E08b822CC80FA5b85'),(367,'459','https://gateway.lighthouse.storage/ipfs/QmRUaG6B9Buqkz3RUyvVX2Bzd9dZibis4osmGRGKgLakvQ','0xC7B72C41BB8dAC3a1E12daA2EC91e5782858dBcb','28087541',7,'2023-03-16 07:14:08',NULL,'0x610e84262A278e0aca36d32E08b822CC80FA5b85'),(368,'460','https://gateway.lighthouse.storage/ipfs/QmRtqxzEpcKr9M9Y4ajmSKA1sf6GgUDEQzU3xcJNCsEQKq','0xC7B72C41BB8dAC3a1E12daA2EC91e5782858dBcb','28087541',7,'2023-03-16 07:14:10',NULL,'0x610e84262A278e0aca36d32E08b822CC80FA5b85'),(369,'461','https://gateway.lighthouse.storage/ipfs/QmVJQ5DB6gUVSGi4y6YkpJjZQakwujajC9Y8taYKqCnpww','0xC7B72C41BB8dAC3a1E12daA2EC91e5782858dBcb','28087541',7,'2023-03-16 07:14:12',NULL,'0x610e84262A278e0aca36d32E08b822CC80FA5b85'),(370,'462','https://gateway.lighthouse.storage/ipfs/QmNtJGXoyQgrtbkWz1mjFSGok6gNxniQJuAkCfndQreNir','0xC7B72C41BB8dAC3a1E12daA2EC91e5782858dBcb','28087541',7,'2023-03-16 07:14:15',NULL,'0x610e84262A278e0aca36d32E08b822CC80FA5b85'),(371,'463','https://gateway.lighthouse.storage/ipfs/QmbqizCrFYjncW7NhaASedux2g6dG1et9d3Dn69ZoWrAgp','0xC7B72C41BB8dAC3a1E12daA2EC91e5782858dBcb','28087541',7,'2023-03-16 07:14:17',NULL,'0x610e84262A278e0aca36d32E08b822CC80FA5b85'),(372,'464','https://gateway.lighthouse.storage/ipfs/QmRC9tV6LFhK7eEqfhDWNQcv7FPCwHp8GTE6W91oYNHw8u','0xC7B72C41BB8dAC3a1E12daA2EC91e5782858dBcb','28087541',7,'2023-03-16 07:14:19',NULL,'0x610e84262A278e0aca36d32E08b822CC80FA5b85'),(373,'465','https://gateway.lighthouse.storage/ipfs/QmXBeh7aegzTWc31LaaRWDrEV5LSu2KKn3EcQNHPemKdPw','0xC7B72C41BB8dAC3a1E12daA2EC91e5782858dBcb','28087541',7,'2023-03-16 07:14:21',NULL,'0x610e84262A278e0aca36d32E08b822CC80FA5b85'),(374,'466','https://gateway.lighthouse.storage/ipfs/QmPEn1uVcUzdAwzHiW1CBqySEM8hGm2y14RMV5kdmjq4tB','0xC7B72C41BB8dAC3a1E12daA2EC91e5782858dBcb','28087541',7,'2023-03-16 07:14:24',NULL,'0x610e84262A278e0aca36d32E08b822CC80FA5b85'),(375,'467','https://gateway.lighthouse.storage/ipfs/QmUCAZmHeM8ANH2SyB3EThQ69zBDsGj4UBTNEqoZQeM4oi','0xC7B72C41BB8dAC3a1E12daA2EC91e5782858dBcb','28087541',7,'2023-03-16 07:14:26',NULL,'0x610e84262A278e0aca36d32E08b822CC80FA5b85'),(376,'468','https://gateway.lighthouse.storage/ipfs/QmQVdtjhguFrecs2WdxdsBEehdj6PWrW5N5PrqQdUAb1RJ','0xC7B72C41BB8dAC3a1E12daA2EC91e5782858dBcb','28087541',7,'2023-03-16 07:14:28',NULL,'0x610e84262A278e0aca36d32E08b822CC80FA5b85'),(377,'469','https://gateway.lighthouse.storage/ipfs/QmT6qG3Tg9BW6wYAnpvVPQYhmdMNuXnTCd6qHR7sgErzYh','0xC7B72C41BB8dAC3a1E12daA2EC91e5782858dBcb','28087541',7,'2023-03-16 07:14:30',NULL,'0x610e84262A278e0aca36d32E08b822CC80FA5b85'),(378,'470','https://gateway.lighthouse.storage/ipfs/QmYWtW2KcULCgTdtEBuJ3vvaKjzsmYom2gFrA3ptJtvMXx','0xC7B72C41BB8dAC3a1E12daA2EC91e5782858dBcb','28087541',7,'2023-03-16 07:14:33',NULL,'0x610e84262A278e0aca36d32E08b822CC80FA5b85'),(379,'471','https://gateway.lighthouse.storage/ipfs/QmboxNkrjtu2t4YMerjRc2174NAR6yTctZnKC9WcmTHU6J','0xC7B72C41BB8dAC3a1E12daA2EC91e5782858dBcb','28087541',7,'2023-03-16 07:14:35',NULL,'0x610e84262A278e0aca36d32E08b822CC80FA5b85'),(380,'472','https://gateway.lighthouse.storage/ipfs/QmdMzTnfDhwrRh4GKTXVQj4JgHrC7TRhWbPWHVtf6aPzzC','0xC7B72C41BB8dAC3a1E12daA2EC91e5782858dBcb','28087541',7,'2023-03-16 07:14:37',NULL,'0x610e84262A278e0aca36d32E08b822CC80FA5b85'),(381,'473','https://gateway.lighthouse.storage/ipfs/QmeBwQD2qRzhyx3PApG9A66fnC9KC41j9vbVgM82i28AVs','0xC7B72C41BB8dAC3a1E12daA2EC91e5782858dBcb','28087541',7,'2023-03-16 07:14:39',NULL,'0x610e84262A278e0aca36d32E08b822CC80FA5b85'),(382,'474','https://gateway.lighthouse.storage/ipfs/QmTpnoAghoHMAQRYmEBk2iMNScvdCYUCJEc3RC8JVayB5L','0xC7B72C41BB8dAC3a1E12daA2EC91e5782858dBcb','28087541',7,'2023-03-16 07:14:42',NULL,'0x610e84262A278e0aca36d32E08b822CC80FA5b85'),(383,'475','https://gateway.lighthouse.storage/ipfs/QmeJDvYSeMmXMbSEWwLjdGv9uD2vfwCfU6caEsmTMN2faB','0xC7B72C41BB8dAC3a1E12daA2EC91e5782858dBcb','28087541',7,'2023-03-16 07:14:44',NULL,'0x610e84262A278e0aca36d32E08b822CC80FA5b85');
/*!40000 ALTER TABLE `mint_properties_data` ENABLE KEYS */;
UNLOCK TABLES;

--
-- Table structure for table `properties`
--

DROP TABLE IF EXISTS `properties`;
/*!40101 SET @saved_cs_client     = @@character_set_client */;
/*!50503 SET character_set_client = utf8mb4 */;
CREATE TABLE `properties` (
  `property_id` int NOT NULL AUTO_INCREMENT,
  `uuid` varchar(255) DEFAULT NULL,
  `title` varchar(100) NOT NULL,
  `property_description` text NOT NULL,
  `valuation` int NOT NULL,
  `property_category` varchar(45) DEFAULT NULL,
  `rental_returns` float NOT NULL,
  `estimated_appreciation` int NOT NULL,
  `property_images` varchar(1000) NOT NULL,
  `featured_image` varchar(100) NOT NULL,
  `total_number_of_fraction` int NOT NULL,
  `property_status` tinyint NOT NULL DEFAULT '1',
  `property_location` varchar(255) DEFAULT NULL,
  `fraction_price` float DEFAULT NULL,
  `min_fraction_buy` int DEFAULT NULL,
  `max_fraction_buy` int DEFAULT NULL,
  `is_minted` tinyint NOT NULL DEFAULT '0',
  `total_minted` int NOT NULL DEFAULT '0',
  `admin_id` int NOT NULL,
  `contract` varchar(255) DEFAULT NULL,
  `token_id` varchar(45) DEFAULT NULL,
  `last_sync_block` varchar(45) DEFAULT NULL,
  `created_at` timestamp NOT NULL DEFAULT CURRENT_TIMESTAMP,
  `updated_at` timestamp NULL DEFAULT NULL,
  PRIMARY KEY (`property_id`)
) ENGINE=InnoDB AUTO_INCREMENT=8 DEFAULT CHARSET=utf8mb4 COLLATE=utf8mb4_0900_ai_ci;
/*!40101 SET character_set_client = @saved_cs_client */;

--
-- Dumping data for table `properties`
--

LOCK TABLES `properties` WRITE;
/*!40000 ALTER TABLE `properties` DISABLE KEYS */;
INSERT INTO `properties` VALUES (1,NULL,'Commercial','<p>Commercial</p>',16500000,'Economic',9,12,'ca62ee353429c20e16dc86da493dbb37.png','f48638cccb9b840dc505cd63d0987adcklsjfisjelsnlasfkjasf.png',100,1,'Hinjewadi Pune',5000,1,3,1,10,1,NULL,NULL,NULL,'2023-02-28 11:05:19',NULL),(5,NULL,'GERA Imperium Rise','<p><em><strong>GERA Imperium Rise</strong></em> is a one-of-its-kind commercial project in the flourishing stretch of Hinjawadi.</p>',16500000,'VIP',9.5,12,'8847fd7ea542b31c5df2968fb52dbb9a.png','f48638cccb9b840dc505cd63d0987adcklsjfisjelsnlasfkjasf.png',50,1,'Hinjawadi Pune',100000,1,3,1,50,1,NULL,NULL,NULL,'2023-03-04 13:08:02',NULL),(7,NULL,'GERA Imperium Rise 2','<p>GERA Imperium Rise 2</p>',100000,'VIP',9,12,'17ac046b7068640ea92c163a636a7c1a.jpeg','20b78cbe47fccff19aef6509d57c314f.jpeg',170,1,'Indore',100,10,170,1,170,1,NULL,NULL,NULL,'2023-03-16 06:58:55',NULL);
/*!40000 ALTER TABLE `properties` ENABLE KEYS */;
UNLOCK TABLES;

--
-- Table structure for table `property_orders`
--

DROP TABLE IF EXISTS `property_orders`;
/*!40101 SET @saved_cs_client     = @@character_set_client */;
/*!50503 SET character_set_client = utf8mb4 */;
CREATE TABLE `property_orders` (
  `property_order_id` int NOT NULL AUTO_INCREMENT,
  `order_id` varchar(255) DEFAULT NULL,
  `property_id` int DEFAULT NULL,
  `user_id` int DEFAULT NULL,
  `amount` varchar(50) DEFAULT NULL,
  `currency` varchar(45) DEFAULT NULL,
  `note` varchar(45) DEFAULT NULL,
  `order_status` varchar(50) DEFAULT NULL,
  `payment_status` enum('SUCCESS','FAILED','PENDING') DEFAULT NULL,
  `gas_transfer` enum('SUCCESS','FAILED','PENDING') DEFAULT NULL,
  `nft_transfer` enum('SUCCESS','FAILED','PENDING') DEFAULT NULL,
  `created_at` timestamp NULL DEFAULT CURRENT_TIMESTAMP,
  `updated_at` timestamp NULL DEFAULT NULL,
  `fractions` int DEFAULT NULL,
  `current_platform_fee` float DEFAULT NULL,
  `current_ira_value` float DEFAULT NULL,
  `calculated_gas_fee` float DEFAULT NULL,
  PRIMARY KEY (`property_order_id`)
) ENGINE=InnoDB DEFAULT CHARSET=utf8mb4 COLLATE=utf8mb4_0900_ai_ci;
/*!40101 SET character_set_client = @saved_cs_client */;

--
-- Dumping data for table `property_orders`
--

LOCK TABLES `property_orders` WRITE;
/*!40000 ALTER TABLE `property_orders` DISABLE KEYS */;
/*!40000 ALTER TABLE `property_orders` ENABLE KEYS */;
UNLOCK TABLES;

--
-- Table structure for table `property_payments`
--

DROP TABLE IF EXISTS `property_payments`;
/*!40101 SET @saved_cs_client     = @@character_set_client */;
/*!50503 SET character_set_client = utf8mb4 */;
CREATE TABLE `property_payments` (
  `property_payments_id` int NOT NULL AUTO_INCREMENT,
  `property_order_id` int DEFAULT NULL,
  `propert_id` int DEFAULT NULL,
  `user_id` int DEFAULT NULL,
  `order_id` varchar(255) DEFAULT NULL,
  `razorpay_payment_id` text,
  `razorpay_signature` text,
  `payment_status` enum('SUCCESS','FAILED','PENDING') DEFAULT NULL,
  `gas_transfer` enum('SUCCESS','FAILED','PENDING') DEFAULT NULL,
  `nft_transfer` enum('SUCCESS','FAILED','PENDING') DEFAULT NULL,
  `amount` varchar(50) DEFAULT NULL,
  `created_at` timestamp NULL DEFAULT CURRENT_TIMESTAMP,
  `updated_at` timestamp NULL DEFAULT NULL,
  PRIMARY KEY (`property_payments_id`)
) ENGINE=InnoDB DEFAULT CHARSET=utf8mb4 COLLATE=utf8mb4_0900_ai_ci;
/*!40101 SET character_set_client = @saved_cs_client */;

--
-- Dumping data for table `property_payments`
--

LOCK TABLES `property_payments` WRITE;
/*!40000 ALTER TABLE `property_payments` DISABLE KEYS */;
/*!40000 ALTER TABLE `property_payments` ENABLE KEYS */;
UNLOCK TABLES;

--
-- Table structure for table `property_settings`
--

DROP TABLE IF EXISTS `property_settings`;
/*!40101 SET @saved_cs_client     = @@character_set_client */;
/*!50503 SET character_set_client = utf8mb4 */;
CREATE TABLE `property_settings` (
  `id` int NOT NULL AUTO_INCREMENT,
  `admin_id` int NOT NULL,
  `ira_token_value` float NOT NULL,
  `platform_fee` float DEFAULT NULL,
  `email_notification` tinyint NOT NULL,
  `created_at` timestamp NULL DEFAULT CURRENT_TIMESTAMP,
  `updated_at` timestamp NULL DEFAULT NULL,
  PRIMARY KEY (`id`)
) ENGINE=InnoDB AUTO_INCREMENT=2 DEFAULT CHARSET=utf8mb4 COLLATE=utf8mb4_0900_ai_ci;
/*!40101 SET character_set_client = @saved_cs_client */;

--
-- Dumping data for table `property_settings`
--

LOCK TABLES `property_settings` WRITE;
/*!40000 ALTER TABLE `property_settings` DISABLE KEYS */;
INSERT INTO `property_settings` VALUES (1,1,0.32,2,0,'2023-02-28 09:19:36',NULL);
/*!40000 ALTER TABLE `property_settings` ENABLE KEYS */;
UNLOCK TABLES;

--
-- Table structure for table `sync_contract`
--

DROP TABLE IF EXISTS `sync_contract`;
/*!40101 SET @saved_cs_client     = @@character_set_client */;
/*!50503 SET character_set_client = utf8mb4 */;
CREATE TABLE `sync_contract` (
  `id` int NOT NULL AUTO_INCREMENT,
  `contract` varchar(100) NOT NULL,
  `birth_transaction_hash` varchar(200) NOT NULL,
  `creation_block` int NOT NULL,
  `last_sync_block` int NOT NULL,
  `last_sync_block_batch` int DEFAULT '0',
  `created_at` timestamp NULL DEFAULT CURRENT_TIMESTAMP,
  `updated_at` timestamp NULL DEFAULT NULL,
  PRIMARY KEY (`id`)
) ENGINE=InnoDB AUTO_INCREMENT=2 DEFAULT CHARSET=utf8mb4 COLLATE=utf8mb4_0900_ai_ci;
/*!40101 SET character_set_client = @saved_cs_client */;

--
-- Dumping data for table `sync_contract`
--

LOCK TABLES `sync_contract` WRITE;
/*!40000 ALTER TABLE `sync_contract` DISABLE KEYS */;
INSERT INTO `sync_contract` VALUES (1,'0xC7B72C41BB8dAC3a1E12daA2EC91e5782858dBcb','0x79fbaa858d307a77de2687ed040aac23cb57d1d1264d611d5a47164482d8b9c4',27632274,28281895,0,'2023-02-07 10:44:31',NULL);
/*!40000 ALTER TABLE `sync_contract` ENABLE KEYS */;
UNLOCK TABLES;

--
-- Table structure for table `token_activity`
--

DROP TABLE IF EXISTS `token_activity`;
/*!40101 SET @saved_cs_client     = @@character_set_client */;
/*!50503 SET character_set_client = utf8mb4 */;
CREATE TABLE `token_activity` (
  `id` int NOT NULL AUTO_INCREMENT,
  `token_id` text NOT NULL,
  `property_id` int DEFAULT NULL,
  `transfer_event` enum('TRANSFER','MINT','BURN') NOT NULL,
  `price` float DEFAULT NULL,
  `transfer_from` text NOT NULL,
  `transfer_to` text NOT NULL,
  `quantity` int DEFAULT NULL,
  `gas` int DEFAULT NULL,
  `transaction_hash` text,
  `created_at` timestamp NOT NULL DEFAULT CURRENT_TIMESTAMP,
  `updated_at` timestamp NULL DEFAULT NULL,
  PRIMARY KEY (`id`)
) ENGINE=InnoDB AUTO_INCREMENT=601 DEFAULT CHARSET=utf8mb4 COLLATE=utf8mb4_0900_ai_ci;
/*!40101 SET character_set_client = @saved_cs_client */;

--
-- Dumping data for table `token_activity`
--

LOCK TABLES `token_activity` WRITE;
/*!40000 ALTER TABLE `token_activity` DISABLE KEYS */;
INSERT INTO `token_activity` VALUES (4,'28',1,'MINT',NULL,'0x0000000000000000000000000000000000000000','0xf5781F4b93441172606db330A6B2d08aC7709496',1,0,'0x0672cff1005c0c393620b7495d310913ece15d26ebad5f928cd9616276f64ee2','2023-03-10 05:34:29',NULL),(5,'29',1,'MINT',NULL,'0x0000000000000000000000000000000000000000','0xf5781F4b93441172606db330A6B2d08aC7709496',1,0,'0x0672cff1005c0c393620b7495d310913ece15d26ebad5f928cd9616276f64ee2','2023-03-10 05:34:45',NULL),(6,'30',1,'MINT',NULL,'0x0000000000000000000000000000000000000000','0xf5781F4b93441172606db330A6B2d08aC7709496',1,0,'0x0672cff1005c0c393620b7495d310913ece15d26ebad5f928cd9616276f64ee2','2023-03-10 05:34:57',NULL),(7,'25',1,'MINT',NULL,'0x0000000000000000000000000000000000000000','0xf5781F4b93441172606db330A6B2d08aC7709496',1,0,'0x0672cff1005c0c393620b7495d310913ece15d26ebad5f928cd9616276f64ee2','2023-03-10 05:35:24',NULL),(8,'26',1,'MINT',NULL,'0x0000000000000000000000000000000000000000','0xf5781F4b93441172606db330A6B2d08aC7709496',1,0,'0x0672cff1005c0c393620b7495d310913ece15d26ebad5f928cd9616276f64ee2','2023-03-10 05:35:34',NULL),(9,'27',1,'MINT',NULL,'0x0000000000000000000000000000000000000000','0xf5781F4b93441172606db330A6B2d08aC7709496',1,0,'0x0672cff1005c0c393620b7495d310913ece15d26ebad5f928cd9616276f64ee2','2023-03-10 05:35:44',NULL),(10,'28',1,'TRANSFER',NULL,'0x0000000000000000000000000000000000000000','0xf5781F4b93441172606db330A6B2d08aC7709496',1,0,'0x0672cff1005c0c393620b7495d310913ece15d26ebad5f928cd9616276f64ee2','2023-03-10 05:35:44',NULL),(11,'29',1,'TRANSFER',NULL,'0x0000000000000000000000000000000000000000','0xf5781F4b93441172606db330A6B2d08aC7709496',1,0,'0x0672cff1005c0c393620b7495d310913ece15d26ebad5f928cd9616276f64ee2','2023-03-10 05:35:44',NULL),(12,'30',1,'TRANSFER',NULL,'0x0000000000000000000000000000000000000000','0xf5781F4b93441172606db330A6B2d08aC7709496',1,0,'0x0672cff1005c0c393620b7495d310913ece15d26ebad5f928cd9616276f64ee2','2023-03-10 05:35:44',NULL),(13,'31',1,'MINT',NULL,'0x0000000000000000000000000000000000000000','0xf5781F4b93441172606db330A6B2d08aC7709496',1,0,'0x0672cff1005c0c393620b7495d310913ece15d26ebad5f928cd9616276f64ee2','2023-03-10 05:35:54',NULL),(14,'32',1,'MINT',NULL,'0x0000000000000000000000000000000000000000','0xf5781F4b93441172606db330A6B2d08aC7709496',1,0,'0x0672cff1005c0c393620b7495d310913ece15d26ebad5f928cd9616276f64ee2','2023-03-10 05:36:08',NULL),(15,'33',1,'MINT',NULL,'0x0000000000000000000000000000000000000000','0xf5781F4b93441172606db330A6B2d08aC7709496',1,0,'0x0672cff1005c0c393620b7495d310913ece15d26ebad5f928cd9616276f64ee2','2023-03-10 05:36:27',NULL),(16,'34',1,'MINT',NULL,'0x0000000000000000000000000000000000000000','0xf5781F4b93441172606db330A6B2d08aC7709496',1,0,'0x0672cff1005c0c393620b7495d310913ece15d26ebad5f928cd9616276f64ee2','2023-03-10 05:36:41',NULL),(17,'25',1,'TRANSFER',NULL,'0xf5781F4b93441172606db330A6B2d08aC7709496','0xeDc6f325639eEc7186E1Ddd702BFd6cCbe58c22B',1,0,'0x8b2968ad265b6a94a6a45af556a8b2e022aa78d694244777f39e70a801ea710f','2023-03-10 05:36:41',NULL),(18,'26',1,'TRANSFER',NULL,'0xf5781F4b93441172606db330A6B2d08aC7709496','0x5bBCd2d5eF24E3F25f3795dac5f6B3999028E479',1,0,'0x77142a10043d230d56f793eef4c6e8a2977fb375d79e726e75ef12791f24fbb3','2023-03-10 05:36:41',NULL),(19,'27',1,'TRANSFER',NULL,'0xf5781F4b93441172606db330A6B2d08aC7709496','0x5bBCd2d5eF24E3F25f3795dac5f6B3999028E479',1,0,'0x31acaf199caa0ba7426de2e0db40ac64b6f18947cb8ea3eda7839441a34cc6fd','2023-03-10 05:36:41',NULL),(20,'28',1,'TRANSFER',NULL,'0xf5781F4b93441172606db330A6B2d08aC7709496','0x5bBCd2d5eF24E3F25f3795dac5f6B3999028E479',1,0,'0x1b8401a08a6001a55a4cf2694eaca86584636ede69dc507ed1a8a760df64354b','2023-03-10 05:36:41',NULL),(21,'29',1,'TRANSFER',NULL,'0xf5781F4b93441172606db330A6B2d08aC7709496','0x5bBCd2d5eF24E3F25f3795dac5f6B3999028E479',1,0,'0x0a2ff2c959f858233dfb110e68737c7fd1f76ed9d7a7756b69eb92e048d1a0ec','2023-03-10 05:36:41',NULL),(22,'30',1,'TRANSFER',NULL,'0xf5781F4b93441172606db330A6B2d08aC7709496','0x5bBCd2d5eF24E3F25f3795dac5f6B3999028E479',1,0,'0x8e6b9fb64207b19505a155718dca4fc601ace2107e7793c4e67dcaefca492157','2023-03-10 05:36:41',NULL),(23,'35',2,'MINT',NULL,'0x0000000000000000000000000000000000000000','0xf5781F4b93441172606db330A6B2d08aC7709496',1,0,'0xc4ada702d5bac893fa48add9b5d1e5206b37163e9b9f560eebb5c6234fbc9ef3','2023-03-10 05:36:53',NULL),(24,'36',2,'MINT',NULL,'0x0000000000000000000000000000000000000000','0xf5781F4b93441172606db330A6B2d08aC7709496',1,0,'0xc4ada702d5bac893fa48add9b5d1e5206b37163e9b9f560eebb5c6234fbc9ef3','2023-03-10 05:37:03',NULL),(25,'37',2,'MINT',NULL,'0x0000000000000000000000000000000000000000','0xf5781F4b93441172606db330A6B2d08aC7709496',1,0,'0xc4ada702d5bac893fa48add9b5d1e5206b37163e9b9f560eebb5c6234fbc9ef3','2023-03-10 05:37:21',NULL),(26,'38',2,'MINT',NULL,'0x0000000000000000000000000000000000000000','0xf5781F4b93441172606db330A6B2d08aC7709496',1,0,'0xc4ada702d5bac893fa48add9b5d1e5206b37163e9b9f560eebb5c6234fbc9ef3','2023-03-10 05:37:31',NULL),(27,'39',2,'MINT',NULL,'0x0000000000000000000000000000000000000000','0xf5781F4b93441172606db330A6B2d08aC7709496',1,0,'0xc4ada702d5bac893fa48add9b5d1e5206b37163e9b9f560eebb5c6234fbc9ef3','2023-03-10 05:37:42',NULL),(28,'40',2,'MINT',NULL,'0x0000000000000000000000000000000000000000','0xf5781F4b93441172606db330A6B2d08aC7709496',1,0,'0xc4ada702d5bac893fa48add9b5d1e5206b37163e9b9f560eebb5c6234fbc9ef3','2023-03-10 05:37:52',NULL),(29,'41',2,'MINT',NULL,'0x0000000000000000000000000000000000000000','0xf5781F4b93441172606db330A6B2d08aC7709496',1,0,'0xc4ada702d5bac893fa48add9b5d1e5206b37163e9b9f560eebb5c6234fbc9ef3','2023-03-10 05:38:02',NULL),(30,'42',2,'MINT',NULL,'0x0000000000000000000000000000000000000000','0xf5781F4b93441172606db330A6B2d08aC7709496',1,0,'0xc4ada702d5bac893fa48add9b5d1e5206b37163e9b9f560eebb5c6234fbc9ef3','2023-03-10 05:38:13',NULL),(31,'43',2,'MINT',NULL,'0x0000000000000000000000000000000000000000','0xf5781F4b93441172606db330A6B2d08aC7709496',1,0,'0xc4ada702d5bac893fa48add9b5d1e5206b37163e9b9f560eebb5c6234fbc9ef3','2023-03-10 05:38:23',NULL),(32,'44',2,'MINT',NULL,'0x0000000000000000000000000000000000000000','0xf5781F4b93441172606db330A6B2d08aC7709496',1,0,'0xc4ada702d5bac893fa48add9b5d1e5206b37163e9b9f560eebb5c6234fbc9ef3','2023-03-10 05:38:34',NULL),(33,'45',2,'MINT',NULL,'0x0000000000000000000000000000000000000000','0xf5781F4b93441172606db330A6B2d08aC7709496',1,0,'0xc4ada702d5bac893fa48add9b5d1e5206b37163e9b9f560eebb5c6234fbc9ef3','2023-03-10 05:38:45',NULL),(34,'46',2,'MINT',NULL,'0x0000000000000000000000000000000000000000','0xf5781F4b93441172606db330A6B2d08aC7709496',1,0,'0xc4ada702d5bac893fa48add9b5d1e5206b37163e9b9f560eebb5c6234fbc9ef3','2023-03-10 05:39:13',NULL),(35,'47',2,'MINT',NULL,'0x0000000000000000000000000000000000000000','0xf5781F4b93441172606db330A6B2d08aC7709496',1,0,'0xc4ada702d5bac893fa48add9b5d1e5206b37163e9b9f560eebb5c6234fbc9ef3','2023-03-10 05:39:23',NULL),(36,'48',2,'MINT',NULL,'0x0000000000000000000000000000000000000000','0xf5781F4b93441172606db330A6B2d08aC7709496',1,0,'0xc4ada702d5bac893fa48add9b5d1e5206b37163e9b9f560eebb5c6234fbc9ef3','2023-03-10 05:39:33',NULL),(37,'49',2,'MINT',NULL,'0x0000000000000000000000000000000000000000','0xf5781F4b93441172606db330A6B2d08aC7709496',1,0,'0xc4ada702d5bac893fa48add9b5d1e5206b37163e9b9f560eebb5c6234fbc9ef3','2023-03-10 05:39:44',NULL),(38,'50',2,'MINT',NULL,'0x0000000000000000000000000000000000000000','0xf5781F4b93441172606db330A6B2d08aC7709496',1,0,'0xc4ada702d5bac893fa48add9b5d1e5206b37163e9b9f560eebb5c6234fbc9ef3','2023-03-10 05:39:54',NULL),(39,'51',2,'MINT',NULL,'0x0000000000000000000000000000000000000000','0xf5781F4b93441172606db330A6B2d08aC7709496',1,0,'0xc4ada702d5bac893fa48add9b5d1e5206b37163e9b9f560eebb5c6234fbc9ef3','2023-03-10 05:40:20',NULL),(40,'52',2,'MINT',NULL,'0x0000000000000000000000000000000000000000','0xf5781F4b93441172606db330A6B2d08aC7709496',1,0,'0xc4ada702d5bac893fa48add9b5d1e5206b37163e9b9f560eebb5c6234fbc9ef3','2023-03-10 05:40:31',NULL),(41,'53',2,'MINT',NULL,'0x0000000000000000000000000000000000000000','0xf5781F4b93441172606db330A6B2d08aC7709496',1,0,'0xc4ada702d5bac893fa48add9b5d1e5206b37163e9b9f560eebb5c6234fbc9ef3','2023-03-10 05:40:41',NULL),(42,'54',2,'MINT',NULL,'0x0000000000000000000000000000000000000000','0xf5781F4b93441172606db330A6B2d08aC7709496',1,0,'0xc4ada702d5bac893fa48add9b5d1e5206b37163e9b9f560eebb5c6234fbc9ef3','2023-03-10 05:41:28',NULL),(43,'55',2,'MINT',NULL,'0x0000000000000000000000000000000000000000','0xf5781F4b93441172606db330A6B2d08aC7709496',1,0,'0xc4ada702d5bac893fa48add9b5d1e5206b37163e9b9f560eebb5c6234fbc9ef3','2023-03-10 05:42:01',NULL),(44,'56',2,'MINT',NULL,'0x0000000000000000000000000000000000000000','0xf5781F4b93441172606db330A6B2d08aC7709496',1,0,'0xc4ada702d5bac893fa48add9b5d1e5206b37163e9b9f560eebb5c6234fbc9ef3','2023-03-10 05:42:11',NULL),(45,'57',2,'MINT',NULL,'0x0000000000000000000000000000000000000000','0xf5781F4b93441172606db330A6B2d08aC7709496',1,0,'0xc4ada702d5bac893fa48add9b5d1e5206b37163e9b9f560eebb5c6234fbc9ef3','2023-03-10 05:42:21',NULL),(46,'58',2,'MINT',NULL,'0x0000000000000000000000000000000000000000','0xf5781F4b93441172606db330A6B2d08aC7709496',1,0,'0xc4ada702d5bac893fa48add9b5d1e5206b37163e9b9f560eebb5c6234fbc9ef3','2023-03-10 05:43:06',NULL),(47,'59',2,'MINT',NULL,'0x0000000000000000000000000000000000000000','0xf5781F4b93441172606db330A6B2d08aC7709496',1,0,'0xc4ada702d5bac893fa48add9b5d1e5206b37163e9b9f560eebb5c6234fbc9ef3','2023-03-10 05:43:16',NULL),(48,'60',2,'MINT',NULL,'0x0000000000000000000000000000000000000000','0xf5781F4b93441172606db330A6B2d08aC7709496',1,0,'0xc4ada702d5bac893fa48add9b5d1e5206b37163e9b9f560eebb5c6234fbc9ef3','2023-03-10 05:43:27',NULL),(49,'61',2,'MINT',NULL,'0x0000000000000000000000000000000000000000','0xf5781F4b93441172606db330A6B2d08aC7709496',1,0,'0xc4ada702d5bac893fa48add9b5d1e5206b37163e9b9f560eebb5c6234fbc9ef3','2023-03-10 05:43:43',NULL),(50,'62',2,'MINT',NULL,'0x0000000000000000000000000000000000000000','0xf5781F4b93441172606db330A6B2d08aC7709496',1,0,'0xc4ada702d5bac893fa48add9b5d1e5206b37163e9b9f560eebb5c6234fbc9ef3','2023-03-10 05:43:59',NULL),(51,'63',2,'MINT',NULL,'0x0000000000000000000000000000000000000000','0xf5781F4b93441172606db330A6B2d08aC7709496',1,0,'0xc4ada702d5bac893fa48add9b5d1e5206b37163e9b9f560eebb5c6234fbc9ef3','2023-03-10 05:44:12',NULL),(52,'64',2,'MINT',NULL,'0x0000000000000000000000000000000000000000','0xf5781F4b93441172606db330A6B2d08aC7709496',1,0,'0xc4ada702d5bac893fa48add9b5d1e5206b37163e9b9f560eebb5c6234fbc9ef3','2023-03-10 05:44:23',NULL),(53,'65',2,'MINT',NULL,'0x0000000000000000000000000000000000000000','0xf5781F4b93441172606db330A6B2d08aC7709496',1,0,'0xc4ada702d5bac893fa48add9b5d1e5206b37163e9b9f560eebb5c6234fbc9ef3','2023-03-10 05:44:35',NULL),(54,'66',2,'MINT',NULL,'0x0000000000000000000000000000000000000000','0xf5781F4b93441172606db330A6B2d08aC7709496',1,0,'0xc4ada702d5bac893fa48add9b5d1e5206b37163e9b9f560eebb5c6234fbc9ef3','2023-03-10 05:44:45',NULL),(55,'67',2,'MINT',NULL,'0x0000000000000000000000000000000000000000','0xf5781F4b93441172606db330A6B2d08aC7709496',1,0,'0xc4ada702d5bac893fa48add9b5d1e5206b37163e9b9f560eebb5c6234fbc9ef3','2023-03-10 05:44:56',NULL),(56,'68',2,'MINT',NULL,'0x0000000000000000000000000000000000000000','0xf5781F4b93441172606db330A6B2d08aC7709496',1,0,'0xc4ada702d5bac893fa48add9b5d1e5206b37163e9b9f560eebb5c6234fbc9ef3','2023-03-10 05:45:07',NULL),(57,'69',2,'MINT',NULL,'0x0000000000000000000000000000000000000000','0xf5781F4b93441172606db330A6B2d08aC7709496',1,0,'0xc4ada702d5bac893fa48add9b5d1e5206b37163e9b9f560eebb5c6234fbc9ef3','2023-03-10 05:45:17',NULL),(58,'70',2,'MINT',NULL,'0x0000000000000000000000000000000000000000','0xf5781F4b93441172606db330A6B2d08aC7709496',1,0,'0xc4ada702d5bac893fa48add9b5d1e5206b37163e9b9f560eebb5c6234fbc9ef3','2023-03-10 05:45:52',NULL),(59,'71',2,'MINT',NULL,'0x0000000000000000000000000000000000000000','0xf5781F4b93441172606db330A6B2d08aC7709496',1,0,'0xc4ada702d5bac893fa48add9b5d1e5206b37163e9b9f560eebb5c6234fbc9ef3','2023-03-10 05:46:02',NULL),(60,'72',2,'MINT',NULL,'0x0000000000000000000000000000000000000000','0xf5781F4b93441172606db330A6B2d08aC7709496',1,0,'0xc4ada702d5bac893fa48add9b5d1e5206b37163e9b9f560eebb5c6234fbc9ef3','2023-03-10 05:46:12',NULL),(61,'73',2,'MINT',NULL,'0x0000000000000000000000000000000000000000','0xf5781F4b93441172606db330A6B2d08aC7709496',1,0,'0xc4ada702d5bac893fa48add9b5d1e5206b37163e9b9f560eebb5c6234fbc9ef3','2023-03-10 05:46:24',NULL),(62,'74',2,'MINT',NULL,'0x0000000000000000000000000000000000000000','0xf5781F4b93441172606db330A6B2d08aC7709496',1,0,'0xc4ada702d5bac893fa48add9b5d1e5206b37163e9b9f560eebb5c6234fbc9ef3','2023-03-10 05:46:34',NULL),(63,'75',2,'MINT',NULL,'0x0000000000000000000000000000000000000000','0xf5781F4b93441172606db330A6B2d08aC7709496',1,0,'0xc4ada702d5bac893fa48add9b5d1e5206b37163e9b9f560eebb5c6234fbc9ef3','2023-03-10 05:46:48',NULL),(64,'76',2,'MINT',NULL,'0x0000000000000000000000000000000000000000','0xf5781F4b93441172606db330A6B2d08aC7709496',1,0,'0xc4ada702d5bac893fa48add9b5d1e5206b37163e9b9f560eebb5c6234fbc9ef3','2023-03-10 05:46:58',NULL),(65,'77',2,'MINT',NULL,'0x0000000000000000000000000000000000000000','0xf5781F4b93441172606db330A6B2d08aC7709496',1,0,'0xc4ada702d5bac893fa48add9b5d1e5206b37163e9b9f560eebb5c6234fbc9ef3','2023-03-10 05:47:08',NULL),(66,'78',2,'MINT',NULL,'0x0000000000000000000000000000000000000000','0xf5781F4b93441172606db330A6B2d08aC7709496',1,0,'0xc4ada702d5bac893fa48add9b5d1e5206b37163e9b9f560eebb5c6234fbc9ef3','2023-03-10 05:47:18',NULL),(67,'79',2,'MINT',NULL,'0x0000000000000000000000000000000000000000','0xf5781F4b93441172606db330A6B2d08aC7709496',1,0,'0xc4ada702d5bac893fa48add9b5d1e5206b37163e9b9f560eebb5c6234fbc9ef3','2023-03-10 05:47:29',NULL),(68,'35',2,'TRANSFER',NULL,'0x0000000000000000000000000000000000000000','0xf5781F4b93441172606db330A6B2d08aC7709496',1,0,'0xc4ada702d5bac893fa48add9b5d1e5206b37163e9b9f560eebb5c6234fbc9ef3','2023-03-10 05:47:44',NULL),(69,'36',2,'TRANSFER',NULL,'0x0000000000000000000000000000000000000000','0xf5781F4b93441172606db330A6B2d08aC7709496',1,0,'0xc4ada702d5bac893fa48add9b5d1e5206b37163e9b9f560eebb5c6234fbc9ef3','2023-03-10 05:47:44',NULL),(70,'37',2,'TRANSFER',NULL,'0x0000000000000000000000000000000000000000','0xf5781F4b93441172606db330A6B2d08aC7709496',1,0,'0xc4ada702d5bac893fa48add9b5d1e5206b37163e9b9f560eebb5c6234fbc9ef3','2023-03-10 05:47:44',NULL),(71,'38',2,'TRANSFER',NULL,'0x0000000000000000000000000000000000000000','0xf5781F4b93441172606db330A6B2d08aC7709496',1,0,'0xc4ada702d5bac893fa48add9b5d1e5206b37163e9b9f560eebb5c6234fbc9ef3','2023-03-10 05:47:44',NULL),(72,'39',2,'TRANSFER',NULL,'0x0000000000000000000000000000000000000000','0xf5781F4b93441172606db330A6B2d08aC7709496',1,0,'0xc4ada702d5bac893fa48add9b5d1e5206b37163e9b9f560eebb5c6234fbc9ef3','2023-03-10 05:47:44',NULL),(73,'40',2,'TRANSFER',NULL,'0x0000000000000000000000000000000000000000','0xf5781F4b93441172606db330A6B2d08aC7709496',1,0,'0xc4ada702d5bac893fa48add9b5d1e5206b37163e9b9f560eebb5c6234fbc9ef3','2023-03-10 05:47:44',NULL),(74,'41',2,'TRANSFER',NULL,'0x0000000000000000000000000000000000000000','0xf5781F4b93441172606db330A6B2d08aC7709496',1,0,'0xc4ada702d5bac893fa48add9b5d1e5206b37163e9b9f560eebb5c6234fbc9ef3','2023-03-10 05:47:44',NULL),(75,'42',2,'TRANSFER',NULL,'0x0000000000000000000000000000000000000000','0xf5781F4b93441172606db330A6B2d08aC7709496',1,0,'0xc4ada702d5bac893fa48add9b5d1e5206b37163e9b9f560eebb5c6234fbc9ef3','2023-03-10 05:47:44',NULL),(76,'43',2,'TRANSFER',NULL,'0x0000000000000000000000000000000000000000','0xf5781F4b93441172606db330A6B2d08aC7709496',1,0,'0xc4ada702d5bac893fa48add9b5d1e5206b37163e9b9f560eebb5c6234fbc9ef3','2023-03-10 05:47:44',NULL),(77,'44',2,'TRANSFER',NULL,'0x0000000000000000000000000000000000000000','0xf5781F4b93441172606db330A6B2d08aC7709496',1,0,'0xc4ada702d5bac893fa48add9b5d1e5206b37163e9b9f560eebb5c6234fbc9ef3','2023-03-10 05:47:44',NULL),(78,'45',2,'TRANSFER',NULL,'0x0000000000000000000000000000000000000000','0xf5781F4b93441172606db330A6B2d08aC7709496',1,0,'0xc4ada702d5bac893fa48add9b5d1e5206b37163e9b9f560eebb5c6234fbc9ef3','2023-03-10 05:47:44',NULL),(79,'46',2,'TRANSFER',NULL,'0x0000000000000000000000000000000000000000','0xf5781F4b93441172606db330A6B2d08aC7709496',1,0,'0xc4ada702d5bac893fa48add9b5d1e5206b37163e9b9f560eebb5c6234fbc9ef3','2023-03-10 05:47:44',NULL),(80,'47',2,'TRANSFER',NULL,'0x0000000000000000000000000000000000000000','0xf5781F4b93441172606db330A6B2d08aC7709496',1,0,'0xc4ada702d5bac893fa48add9b5d1e5206b37163e9b9f560eebb5c6234fbc9ef3','2023-03-10 05:47:44',NULL),(81,'48',2,'TRANSFER',NULL,'0x0000000000000000000000000000000000000000','0xf5781F4b93441172606db330A6B2d08aC7709496',1,0,'0xc4ada702d5bac893fa48add9b5d1e5206b37163e9b9f560eebb5c6234fbc9ef3','2023-03-10 05:47:44',NULL),(82,'49',2,'TRANSFER',NULL,'0x0000000000000000000000000000000000000000','0xf5781F4b93441172606db330A6B2d08aC7709496',1,0,'0xc4ada702d5bac893fa48add9b5d1e5206b37163e9b9f560eebb5c6234fbc9ef3','2023-03-10 05:47:44',NULL),(83,'50',2,'TRANSFER',NULL,'0x0000000000000000000000000000000000000000','0xf5781F4b93441172606db330A6B2d08aC7709496',1,0,'0xc4ada702d5bac893fa48add9b5d1e5206b37163e9b9f560eebb5c6234fbc9ef3','2023-03-10 05:47:44',NULL),(84,'51',2,'TRANSFER',NULL,'0x0000000000000000000000000000000000000000','0xf5781F4b93441172606db330A6B2d08aC7709496',1,0,'0xc4ada702d5bac893fa48add9b5d1e5206b37163e9b9f560eebb5c6234fbc9ef3','2023-03-10 05:47:44',NULL),(85,'52',2,'TRANSFER',NULL,'0x0000000000000000000000000000000000000000','0xf5781F4b93441172606db330A6B2d08aC7709496',1,0,'0xc4ada702d5bac893fa48add9b5d1e5206b37163e9b9f560eebb5c6234fbc9ef3','2023-03-10 05:47:44',NULL),(86,'53',2,'TRANSFER',NULL,'0x0000000000000000000000000000000000000000','0xf5781F4b93441172606db330A6B2d08aC7709496',1,0,'0xc4ada702d5bac893fa48add9b5d1e5206b37163e9b9f560eebb5c6234fbc9ef3','2023-03-10 05:47:44',NULL),(87,'54',2,'TRANSFER',NULL,'0x0000000000000000000000000000000000000000','0xf5781F4b93441172606db330A6B2d08aC7709496',1,0,'0xc4ada702d5bac893fa48add9b5d1e5206b37163e9b9f560eebb5c6234fbc9ef3','2023-03-10 05:47:44',NULL),(88,'55',2,'TRANSFER',NULL,'0x0000000000000000000000000000000000000000','0xf5781F4b93441172606db330A6B2d08aC7709496',1,0,'0xc4ada702d5bac893fa48add9b5d1e5206b37163e9b9f560eebb5c6234fbc9ef3','2023-03-10 05:47:44',NULL),(89,'56',2,'TRANSFER',NULL,'0x0000000000000000000000000000000000000000','0xf5781F4b93441172606db330A6B2d08aC7709496',1,0,'0xc4ada702d5bac893fa48add9b5d1e5206b37163e9b9f560eebb5c6234fbc9ef3','2023-03-10 05:47:44',NULL),(90,'57',2,'TRANSFER',NULL,'0x0000000000000000000000000000000000000000','0xf5781F4b93441172606db330A6B2d08aC7709496',1,0,'0xc4ada702d5bac893fa48add9b5d1e5206b37163e9b9f560eebb5c6234fbc9ef3','2023-03-10 05:47:44',NULL),(91,'58',2,'TRANSFER',NULL,'0x0000000000000000000000000000000000000000','0xf5781F4b93441172606db330A6B2d08aC7709496',1,0,'0xc4ada702d5bac893fa48add9b5d1e5206b37163e9b9f560eebb5c6234fbc9ef3','2023-03-10 05:47:44',NULL),(92,'59',2,'TRANSFER',NULL,'0x0000000000000000000000000000000000000000','0xf5781F4b93441172606db330A6B2d08aC7709496',1,0,'0xc4ada702d5bac893fa48add9b5d1e5206b37163e9b9f560eebb5c6234fbc9ef3','2023-03-10 05:47:44',NULL),(93,'60',2,'TRANSFER',NULL,'0x0000000000000000000000000000000000000000','0xf5781F4b93441172606db330A6B2d08aC7709496',1,0,'0xc4ada702d5bac893fa48add9b5d1e5206b37163e9b9f560eebb5c6234fbc9ef3','2023-03-10 05:47:44',NULL),(94,'61',2,'TRANSFER',NULL,'0x0000000000000000000000000000000000000000','0xf5781F4b93441172606db330A6B2d08aC7709496',1,0,'0xc4ada702d5bac893fa48add9b5d1e5206b37163e9b9f560eebb5c6234fbc9ef3','2023-03-10 05:47:44',NULL),(95,'62',2,'TRANSFER',NULL,'0x0000000000000000000000000000000000000000','0xf5781F4b93441172606db330A6B2d08aC7709496',1,0,'0xc4ada702d5bac893fa48add9b5d1e5206b37163e9b9f560eebb5c6234fbc9ef3','2023-03-10 05:47:44',NULL),(96,'63',2,'TRANSFER',NULL,'0x0000000000000000000000000000000000000000','0xf5781F4b93441172606db330A6B2d08aC7709496',1,0,'0xc4ada702d5bac893fa48add9b5d1e5206b37163e9b9f560eebb5c6234fbc9ef3','2023-03-10 05:47:44',NULL),(97,'64',2,'TRANSFER',NULL,'0x0000000000000000000000000000000000000000','0xf5781F4b93441172606db330A6B2d08aC7709496',1,0,'0xc4ada702d5bac893fa48add9b5d1e5206b37163e9b9f560eebb5c6234fbc9ef3','2023-03-10 05:47:44',NULL),(98,'65',2,'TRANSFER',NULL,'0x0000000000000000000000000000000000000000','0xf5781F4b93441172606db330A6B2d08aC7709496',1,0,'0xc4ada702d5bac893fa48add9b5d1e5206b37163e9b9f560eebb5c6234fbc9ef3','2023-03-10 05:47:44',NULL),(99,'66',2,'TRANSFER',NULL,'0x0000000000000000000000000000000000000000','0xf5781F4b93441172606db330A6B2d08aC7709496',1,0,'0xc4ada702d5bac893fa48add9b5d1e5206b37163e9b9f560eebb5c6234fbc9ef3','2023-03-10 05:47:44',NULL),(100,'67',2,'TRANSFER',NULL,'0x0000000000000000000000000000000000000000','0xf5781F4b93441172606db330A6B2d08aC7709496',1,0,'0xc4ada702d5bac893fa48add9b5d1e5206b37163e9b9f560eebb5c6234fbc9ef3','2023-03-10 05:47:44',NULL),(101,'68',2,'TRANSFER',NULL,'0x0000000000000000000000000000000000000000','0xf5781F4b93441172606db330A6B2d08aC7709496',1,0,'0xc4ada702d5bac893fa48add9b5d1e5206b37163e9b9f560eebb5c6234fbc9ef3','2023-03-10 05:47:44',NULL),(102,'69',2,'TRANSFER',NULL,'0x0000000000000000000000000000000000000000','0xf5781F4b93441172606db330A6B2d08aC7709496',1,0,'0xc4ada702d5bac893fa48add9b5d1e5206b37163e9b9f560eebb5c6234fbc9ef3','2023-03-10 05:47:44',NULL),(103,'70',2,'TRANSFER',NULL,'0x0000000000000000000000000000000000000000','0xf5781F4b93441172606db330A6B2d08aC7709496',1,0,'0xc4ada702d5bac893fa48add9b5d1e5206b37163e9b9f560eebb5c6234fbc9ef3','2023-03-10 05:47:44',NULL),(104,'71',2,'TRANSFER',NULL,'0x0000000000000000000000000000000000000000','0xf5781F4b93441172606db330A6B2d08aC7709496',1,0,'0xc4ada702d5bac893fa48add9b5d1e5206b37163e9b9f560eebb5c6234fbc9ef3','2023-03-10 05:47:44',NULL),(105,'72',2,'TRANSFER',NULL,'0x0000000000000000000000000000000000000000','0xf5781F4b93441172606db330A6B2d08aC7709496',1,0,'0xc4ada702d5bac893fa48add9b5d1e5206b37163e9b9f560eebb5c6234fbc9ef3','2023-03-10 05:47:44',NULL),(106,'73',2,'TRANSFER',NULL,'0x0000000000000000000000000000000000000000','0xf5781F4b93441172606db330A6B2d08aC7709496',1,0,'0xc4ada702d5bac893fa48add9b5d1e5206b37163e9b9f560eebb5c6234fbc9ef3','2023-03-10 05:47:44',NULL),(107,'74',2,'TRANSFER',NULL,'0x0000000000000000000000000000000000000000','0xf5781F4b93441172606db330A6B2d08aC7709496',1,0,'0xc4ada702d5bac893fa48add9b5d1e5206b37163e9b9f560eebb5c6234fbc9ef3','2023-03-10 05:47:44',NULL),(108,'75',2,'TRANSFER',NULL,'0x0000000000000000000000000000000000000000','0xf5781F4b93441172606db330A6B2d08aC7709496',1,0,'0xc4ada702d5bac893fa48add9b5d1e5206b37163e9b9f560eebb5c6234fbc9ef3','2023-03-10 05:47:44',NULL),(109,'76',2,'TRANSFER',NULL,'0x0000000000000000000000000000000000000000','0xf5781F4b93441172606db330A6B2d08aC7709496',1,0,'0xc4ada702d5bac893fa48add9b5d1e5206b37163e9b9f560eebb5c6234fbc9ef3','2023-03-10 05:47:44',NULL),(110,'77',2,'TRANSFER',NULL,'0x0000000000000000000000000000000000000000','0xf5781F4b93441172606db330A6B2d08aC7709496',1,0,'0xc4ada702d5bac893fa48add9b5d1e5206b37163e9b9f560eebb5c6234fbc9ef3','2023-03-10 05:47:44',NULL),(111,'78',2,'TRANSFER',NULL,'0x0000000000000000000000000000000000000000','0xf5781F4b93441172606db330A6B2d08aC7709496',1,0,'0xc4ada702d5bac893fa48add9b5d1e5206b37163e9b9f560eebb5c6234fbc9ef3','2023-03-10 05:47:44',NULL),(112,'79',2,'TRANSFER',NULL,'0x0000000000000000000000000000000000000000','0xf5781F4b93441172606db330A6B2d08aC7709496',1,0,'0xc4ada702d5bac893fa48add9b5d1e5206b37163e9b9f560eebb5c6234fbc9ef3','2023-03-10 05:47:44',NULL),(113,'80',2,'MINT',NULL,'0x0000000000000000000000000000000000000000','0xf5781F4b93441172606db330A6B2d08aC7709496',1,0,'0xc4ada702d5bac893fa48add9b5d1e5206b37163e9b9f560eebb5c6234fbc9ef3','2023-03-10 05:47:55',NULL),(114,'81',2,'MINT',NULL,'0x0000000000000000000000000000000000000000','0xf5781F4b93441172606db330A6B2d08aC7709496',1,0,'0xc4ada702d5bac893fa48add9b5d1e5206b37163e9b9f560eebb5c6234fbc9ef3','2023-03-10 05:48:05',NULL),(115,'82',2,'MINT',NULL,'0x0000000000000000000000000000000000000000','0xf5781F4b93441172606db330A6B2d08aC7709496',1,0,'0xc4ada702d5bac893fa48add9b5d1e5206b37163e9b9f560eebb5c6234fbc9ef3','2023-03-10 05:48:15',NULL),(116,'83',2,'MINT',NULL,'0x0000000000000000000000000000000000000000','0xf5781F4b93441172606db330A6B2d08aC7709496',1,0,'0xc4ada702d5bac893fa48add9b5d1e5206b37163e9b9f560eebb5c6234fbc9ef3','2023-03-10 05:48:26',NULL),(117,'84',2,'MINT',NULL,'0x0000000000000000000000000000000000000000','0xf5781F4b93441172606db330A6B2d08aC7709496',1,0,'0xc4ada702d5bac893fa48add9b5d1e5206b37163e9b9f560eebb5c6234fbc9ef3','2023-03-10 05:48:36',NULL),(118,'35',2,'TRANSFER',NULL,'0x0000000000000000000000000000000000000000','0xf5781F4b93441172606db330A6B2d08aC7709496',1,0,'0xc4ada702d5bac893fa48add9b5d1e5206b37163e9b9f560eebb5c6234fbc9ef3','2023-03-10 05:48:36',NULL),(119,'36',2,'TRANSFER',NULL,'0x0000000000000000000000000000000000000000','0xf5781F4b93441172606db330A6B2d08aC7709496',1,0,'0xc4ada702d5bac893fa48add9b5d1e5206b37163e9b9f560eebb5c6234fbc9ef3','2023-03-10 05:48:36',NULL),(120,'37',2,'TRANSFER',NULL,'0x0000000000000000000000000000000000000000','0xf5781F4b93441172606db330A6B2d08aC7709496',1,0,'0xc4ada702d5bac893fa48add9b5d1e5206b37163e9b9f560eebb5c6234fbc9ef3','2023-03-10 05:48:37',NULL),(121,'38',2,'TRANSFER',NULL,'0x0000000000000000000000000000000000000000','0xf5781F4b93441172606db330A6B2d08aC7709496',1,0,'0xc4ada702d5bac893fa48add9b5d1e5206b37163e9b9f560eebb5c6234fbc9ef3','2023-03-10 05:48:37',NULL),(122,'39',2,'TRANSFER',NULL,'0x0000000000000000000000000000000000000000','0xf5781F4b93441172606db330A6B2d08aC7709496',1,0,'0xc4ada702d5bac893fa48add9b5d1e5206b37163e9b9f560eebb5c6234fbc9ef3','2023-03-10 05:48:37',NULL),(123,'40',2,'TRANSFER',NULL,'0x0000000000000000000000000000000000000000','0xf5781F4b93441172606db330A6B2d08aC7709496',1,0,'0xc4ada702d5bac893fa48add9b5d1e5206b37163e9b9f560eebb5c6234fbc9ef3','2023-03-10 05:48:37',NULL),(124,'41',2,'TRANSFER',NULL,'0x0000000000000000000000000000000000000000','0xf5781F4b93441172606db330A6B2d08aC7709496',1,0,'0xc4ada702d5bac893fa48add9b5d1e5206b37163e9b9f560eebb5c6234fbc9ef3','2023-03-10 05:48:37',NULL),(125,'42',2,'TRANSFER',NULL,'0x0000000000000000000000000000000000000000','0xf5781F4b93441172606db330A6B2d08aC7709496',1,0,'0xc4ada702d5bac893fa48add9b5d1e5206b37163e9b9f560eebb5c6234fbc9ef3','2023-03-10 05:48:37',NULL),(126,'43',2,'TRANSFER',NULL,'0x0000000000000000000000000000000000000000','0xf5781F4b93441172606db330A6B2d08aC7709496',1,0,'0xc4ada702d5bac893fa48add9b5d1e5206b37163e9b9f560eebb5c6234fbc9ef3','2023-03-10 05:48:37',NULL),(127,'44',2,'TRANSFER',NULL,'0x0000000000000000000000000000000000000000','0xf5781F4b93441172606db330A6B2d08aC7709496',1,0,'0xc4ada702d5bac893fa48add9b5d1e5206b37163e9b9f560eebb5c6234fbc9ef3','2023-03-10 05:48:37',NULL),(128,'45',2,'TRANSFER',NULL,'0x0000000000000000000000000000000000000000','0xf5781F4b93441172606db330A6B2d08aC7709496',1,0,'0xc4ada702d5bac893fa48add9b5d1e5206b37163e9b9f560eebb5c6234fbc9ef3','2023-03-10 05:48:37',NULL),(129,'46',2,'TRANSFER',NULL,'0x0000000000000000000000000000000000000000','0xf5781F4b93441172606db330A6B2d08aC7709496',1,0,'0xc4ada702d5bac893fa48add9b5d1e5206b37163e9b9f560eebb5c6234fbc9ef3','2023-03-10 05:48:37',NULL),(130,'47',2,'TRANSFER',NULL,'0x0000000000000000000000000000000000000000','0xf5781F4b93441172606db330A6B2d08aC7709496',1,0,'0xc4ada702d5bac893fa48add9b5d1e5206b37163e9b9f560eebb5c6234fbc9ef3','2023-03-10 05:48:37',NULL),(131,'48',2,'TRANSFER',NULL,'0x0000000000000000000000000000000000000000','0xf5781F4b93441172606db330A6B2d08aC7709496',1,0,'0xc4ada702d5bac893fa48add9b5d1e5206b37163e9b9f560eebb5c6234fbc9ef3','2023-03-10 05:48:37',NULL),(132,'49',2,'TRANSFER',NULL,'0x0000000000000000000000000000000000000000','0xf5781F4b93441172606db330A6B2d08aC7709496',1,0,'0xc4ada702d5bac893fa48add9b5d1e5206b37163e9b9f560eebb5c6234fbc9ef3','2023-03-10 05:48:37',NULL),(133,'50',2,'TRANSFER',NULL,'0x0000000000000000000000000000000000000000','0xf5781F4b93441172606db330A6B2d08aC7709496',1,0,'0xc4ada702d5bac893fa48add9b5d1e5206b37163e9b9f560eebb5c6234fbc9ef3','2023-03-10 05:48:37',NULL),(134,'51',2,'TRANSFER',NULL,'0x0000000000000000000000000000000000000000','0xf5781F4b93441172606db330A6B2d08aC7709496',1,0,'0xc4ada702d5bac893fa48add9b5d1e5206b37163e9b9f560eebb5c6234fbc9ef3','2023-03-10 05:48:37',NULL),(135,'52',2,'TRANSFER',NULL,'0x0000000000000000000000000000000000000000','0xf5781F4b93441172606db330A6B2d08aC7709496',1,0,'0xc4ada702d5bac893fa48add9b5d1e5206b37163e9b9f560eebb5c6234fbc9ef3','2023-03-10 05:48:37',NULL),(136,'53',2,'TRANSFER',NULL,'0x0000000000000000000000000000000000000000','0xf5781F4b93441172606db330A6B2d08aC7709496',1,0,'0xc4ada702d5bac893fa48add9b5d1e5206b37163e9b9f560eebb5c6234fbc9ef3','2023-03-10 05:48:37',NULL),(137,'54',2,'TRANSFER',NULL,'0x0000000000000000000000000000000000000000','0xf5781F4b93441172606db330A6B2d08aC7709496',1,0,'0xc4ada702d5bac893fa48add9b5d1e5206b37163e9b9f560eebb5c6234fbc9ef3','2023-03-10 05:48:37',NULL),(138,'55',2,'TRANSFER',NULL,'0x0000000000000000000000000000000000000000','0xf5781F4b93441172606db330A6B2d08aC7709496',1,0,'0xc4ada702d5bac893fa48add9b5d1e5206b37163e9b9f560eebb5c6234fbc9ef3','2023-03-10 05:48:37',NULL),(139,'56',2,'TRANSFER',NULL,'0x0000000000000000000000000000000000000000','0xf5781F4b93441172606db330A6B2d08aC7709496',1,0,'0xc4ada702d5bac893fa48add9b5d1e5206b37163e9b9f560eebb5c6234fbc9ef3','2023-03-10 05:48:37',NULL),(140,'57',2,'TRANSFER',NULL,'0x0000000000000000000000000000000000000000','0xf5781F4b93441172606db330A6B2d08aC7709496',1,0,'0xc4ada702d5bac893fa48add9b5d1e5206b37163e9b9f560eebb5c6234fbc9ef3','2023-03-10 05:48:37',NULL),(141,'58',2,'TRANSFER',NULL,'0x0000000000000000000000000000000000000000','0xf5781F4b93441172606db330A6B2d08aC7709496',1,0,'0xc4ada702d5bac893fa48add9b5d1e5206b37163e9b9f560eebb5c6234fbc9ef3','2023-03-10 05:48:37',NULL),(142,'59',2,'TRANSFER',NULL,'0x0000000000000000000000000000000000000000','0xf5781F4b93441172606db330A6B2d08aC7709496',1,0,'0xc4ada702d5bac893fa48add9b5d1e5206b37163e9b9f560eebb5c6234fbc9ef3','2023-03-10 05:48:37',NULL),(143,'60',2,'TRANSFER',NULL,'0x0000000000000000000000000000000000000000','0xf5781F4b93441172606db330A6B2d08aC7709496',1,0,'0xc4ada702d5bac893fa48add9b5d1e5206b37163e9b9f560eebb5c6234fbc9ef3','2023-03-10 05:48:37',NULL),(144,'61',2,'TRANSFER',NULL,'0x0000000000000000000000000000000000000000','0xf5781F4b93441172606db330A6B2d08aC7709496',1,0,'0xc4ada702d5bac893fa48add9b5d1e5206b37163e9b9f560eebb5c6234fbc9ef3','2023-03-10 05:48:37',NULL),(145,'62',2,'TRANSFER',NULL,'0x0000000000000000000000000000000000000000','0xf5781F4b93441172606db330A6B2d08aC7709496',1,0,'0xc4ada702d5bac893fa48add9b5d1e5206b37163e9b9f560eebb5c6234fbc9ef3','2023-03-10 05:48:37',NULL),(146,'63',2,'TRANSFER',NULL,'0x0000000000000000000000000000000000000000','0xf5781F4b93441172606db330A6B2d08aC7709496',1,0,'0xc4ada702d5bac893fa48add9b5d1e5206b37163e9b9f560eebb5c6234fbc9ef3','2023-03-10 05:48:37',NULL),(147,'64',2,'TRANSFER',NULL,'0x0000000000000000000000000000000000000000','0xf5781F4b93441172606db330A6B2d08aC7709496',1,0,'0xc4ada702d5bac893fa48add9b5d1e5206b37163e9b9f560eebb5c6234fbc9ef3','2023-03-10 05:48:37',NULL),(148,'65',2,'TRANSFER',NULL,'0x0000000000000000000000000000000000000000','0xf5781F4b93441172606db330A6B2d08aC7709496',1,0,'0xc4ada702d5bac893fa48add9b5d1e5206b37163e9b9f560eebb5c6234fbc9ef3','2023-03-10 05:48:37',NULL),(149,'66',2,'TRANSFER',NULL,'0x0000000000000000000000000000000000000000','0xf5781F4b93441172606db330A6B2d08aC7709496',1,0,'0xc4ada702d5bac893fa48add9b5d1e5206b37163e9b9f560eebb5c6234fbc9ef3','2023-03-10 05:48:37',NULL),(150,'67',2,'TRANSFER',NULL,'0x0000000000000000000000000000000000000000','0xf5781F4b93441172606db330A6B2d08aC7709496',1,0,'0xc4ada702d5bac893fa48add9b5d1e5206b37163e9b9f560eebb5c6234fbc9ef3','2023-03-10 05:48:37',NULL),(151,'68',2,'TRANSFER',NULL,'0x0000000000000000000000000000000000000000','0xf5781F4b93441172606db330A6B2d08aC7709496',1,0,'0xc4ada702d5bac893fa48add9b5d1e5206b37163e9b9f560eebb5c6234fbc9ef3','2023-03-10 05:48:37',NULL),(152,'69',2,'TRANSFER',NULL,'0x0000000000000000000000000000000000000000','0xf5781F4b93441172606db330A6B2d08aC7709496',1,0,'0xc4ada702d5bac893fa48add9b5d1e5206b37163e9b9f560eebb5c6234fbc9ef3','2023-03-10 05:48:37',NULL),(153,'70',2,'TRANSFER',NULL,'0x0000000000000000000000000000000000000000','0xf5781F4b93441172606db330A6B2d08aC7709496',1,0,'0xc4ada702d5bac893fa48add9b5d1e5206b37163e9b9f560eebb5c6234fbc9ef3','2023-03-10 05:48:37',NULL),(154,'71',2,'TRANSFER',NULL,'0x0000000000000000000000000000000000000000','0xf5781F4b93441172606db330A6B2d08aC7709496',1,0,'0xc4ada702d5bac893fa48add9b5d1e5206b37163e9b9f560eebb5c6234fbc9ef3','2023-03-10 05:48:37',NULL),(155,'72',2,'TRANSFER',NULL,'0x0000000000000000000000000000000000000000','0xf5781F4b93441172606db330A6B2d08aC7709496',1,0,'0xc4ada702d5bac893fa48add9b5d1e5206b37163e9b9f560eebb5c6234fbc9ef3','2023-03-10 05:48:37',NULL),(156,'73',2,'TRANSFER',NULL,'0x0000000000000000000000000000000000000000','0xf5781F4b93441172606db330A6B2d08aC7709496',1,0,'0xc4ada702d5bac893fa48add9b5d1e5206b37163e9b9f560eebb5c6234fbc9ef3','2023-03-10 05:48:37',NULL),(157,'74',2,'TRANSFER',NULL,'0x0000000000000000000000000000000000000000','0xf5781F4b93441172606db330A6B2d08aC7709496',1,0,'0xc4ada702d5bac893fa48add9b5d1e5206b37163e9b9f560eebb5c6234fbc9ef3','2023-03-10 05:48:37',NULL),(158,'75',2,'TRANSFER',NULL,'0x0000000000000000000000000000000000000000','0xf5781F4b93441172606db330A6B2d08aC7709496',1,0,'0xc4ada702d5bac893fa48add9b5d1e5206b37163e9b9f560eebb5c6234fbc9ef3','2023-03-10 05:48:37',NULL),(159,'76',2,'TRANSFER',NULL,'0x0000000000000000000000000000000000000000','0xf5781F4b93441172606db330A6B2d08aC7709496',1,0,'0xc4ada702d5bac893fa48add9b5d1e5206b37163e9b9f560eebb5c6234fbc9ef3','2023-03-10 05:48:37',NULL),(160,'77',2,'TRANSFER',NULL,'0x0000000000000000000000000000000000000000','0xf5781F4b93441172606db330A6B2d08aC7709496',1,0,'0xc4ada702d5bac893fa48add9b5d1e5206b37163e9b9f560eebb5c6234fbc9ef3','2023-03-10 05:48:37',NULL),(161,'78',2,'TRANSFER',NULL,'0x0000000000000000000000000000000000000000','0xf5781F4b93441172606db330A6B2d08aC7709496',1,0,'0xc4ada702d5bac893fa48add9b5d1e5206b37163e9b9f560eebb5c6234fbc9ef3','2023-03-10 05:48:37',NULL),(162,'79',2,'TRANSFER',NULL,'0x0000000000000000000000000000000000000000','0xf5781F4b93441172606db330A6B2d08aC7709496',1,0,'0xc4ada702d5bac893fa48add9b5d1e5206b37163e9b9f560eebb5c6234fbc9ef3','2023-03-10 05:48:37',NULL),(163,'80',2,'TRANSFER',NULL,'0x0000000000000000000000000000000000000000','0xf5781F4b93441172606db330A6B2d08aC7709496',1,0,'0xc4ada702d5bac893fa48add9b5d1e5206b37163e9b9f560eebb5c6234fbc9ef3','2023-03-10 05:48:37',NULL),(164,'81',2,'TRANSFER',NULL,'0x0000000000000000000000000000000000000000','0xf5781F4b93441172606db330A6B2d08aC7709496',1,0,'0xc4ada702d5bac893fa48add9b5d1e5206b37163e9b9f560eebb5c6234fbc9ef3','2023-03-10 05:48:37',NULL),(165,'82',2,'TRANSFER',NULL,'0x0000000000000000000000000000000000000000','0xf5781F4b93441172606db330A6B2d08aC7709496',1,0,'0xc4ada702d5bac893fa48add9b5d1e5206b37163e9b9f560eebb5c6234fbc9ef3','2023-03-10 05:48:37',NULL),(166,'83',2,'TRANSFER',NULL,'0x0000000000000000000000000000000000000000','0xf5781F4b93441172606db330A6B2d08aC7709496',1,0,'0xc4ada702d5bac893fa48add9b5d1e5206b37163e9b9f560eebb5c6234fbc9ef3','2023-03-10 05:48:37',NULL),(167,'84',2,'TRANSFER',NULL,'0x0000000000000000000000000000000000000000','0xf5781F4b93441172606db330A6B2d08aC7709496',1,0,'0xc4ada702d5bac893fa48add9b5d1e5206b37163e9b9f560eebb5c6234fbc9ef3','2023-03-10 05:48:37',NULL),(168,'35',2,'TRANSFER',NULL,'0x0000000000000000000000000000000000000000','0xf5781F4b93441172606db330A6B2d08aC7709496',1,0,'0xc4ada702d5bac893fa48add9b5d1e5206b37163e9b9f560eebb5c6234fbc9ef3','2023-03-10 05:48:37',NULL),(169,'36',2,'TRANSFER',NULL,'0x0000000000000000000000000000000000000000','0xf5781F4b93441172606db330A6B2d08aC7709496',1,0,'0xc4ada702d5bac893fa48add9b5d1e5206b37163e9b9f560eebb5c6234fbc9ef3','2023-03-10 05:48:37',NULL),(170,'37',2,'TRANSFER',NULL,'0x0000000000000000000000000000000000000000','0xf5781F4b93441172606db330A6B2d08aC7709496',1,0,'0xc4ada702d5bac893fa48add9b5d1e5206b37163e9b9f560eebb5c6234fbc9ef3','2023-03-10 05:48:37',NULL),(171,'38',2,'TRANSFER',NULL,'0x0000000000000000000000000000000000000000','0xf5781F4b93441172606db330A6B2d08aC7709496',1,0,'0xc4ada702d5bac893fa48add9b5d1e5206b37163e9b9f560eebb5c6234fbc9ef3','2023-03-10 05:48:37',NULL),(172,'39',2,'TRANSFER',NULL,'0x0000000000000000000000000000000000000000','0xf5781F4b93441172606db330A6B2d08aC7709496',1,0,'0xc4ada702d5bac893fa48add9b5d1e5206b37163e9b9f560eebb5c6234fbc9ef3','2023-03-10 05:48:37',NULL),(173,'40',2,'TRANSFER',NULL,'0x0000000000000000000000000000000000000000','0xf5781F4b93441172606db330A6B2d08aC7709496',1,0,'0xc4ada702d5bac893fa48add9b5d1e5206b37163e9b9f560eebb5c6234fbc9ef3','2023-03-10 05:48:37',NULL),(174,'41',2,'TRANSFER',NULL,'0x0000000000000000000000000000000000000000','0xf5781F4b93441172606db330A6B2d08aC7709496',1,0,'0xc4ada702d5bac893fa48add9b5d1e5206b37163e9b9f560eebb5c6234fbc9ef3','2023-03-10 05:48:37',NULL),(175,'42',2,'TRANSFER',NULL,'0x0000000000000000000000000000000000000000','0xf5781F4b93441172606db330A6B2d08aC7709496',1,0,'0xc4ada702d5bac893fa48add9b5d1e5206b37163e9b9f560eebb5c6234fbc9ef3','2023-03-10 05:48:37',NULL),(176,'43',2,'TRANSFER',NULL,'0x0000000000000000000000000000000000000000','0xf5781F4b93441172606db330A6B2d08aC7709496',1,0,'0xc4ada702d5bac893fa48add9b5d1e5206b37163e9b9f560eebb5c6234fbc9ef3','2023-03-10 05:48:37',NULL),(177,'44',2,'TRANSFER',NULL,'0x0000000000000000000000000000000000000000','0xf5781F4b93441172606db330A6B2d08aC7709496',1,0,'0xc4ada702d5bac893fa48add9b5d1e5206b37163e9b9f560eebb5c6234fbc9ef3','2023-03-10 05:48:37',NULL),(178,'45',2,'TRANSFER',NULL,'0x0000000000000000000000000000000000000000','0xf5781F4b93441172606db330A6B2d08aC7709496',1,0,'0xc4ada702d5bac893fa48add9b5d1e5206b37163e9b9f560eebb5c6234fbc9ef3','2023-03-10 05:48:37',NULL),(179,'46',2,'TRANSFER',NULL,'0x0000000000000000000000000000000000000000','0xf5781F4b93441172606db330A6B2d08aC7709496',1,0,'0xc4ada702d5bac893fa48add9b5d1e5206b37163e9b9f560eebb5c6234fbc9ef3','2023-03-10 05:48:37',NULL),(180,'47',2,'TRANSFER',NULL,'0x0000000000000000000000000000000000000000','0xf5781F4b93441172606db330A6B2d08aC7709496',1,0,'0xc4ada702d5bac893fa48add9b5d1e5206b37163e9b9f560eebb5c6234fbc9ef3','2023-03-10 05:48:37',NULL),(181,'48',2,'TRANSFER',NULL,'0x0000000000000000000000000000000000000000','0xf5781F4b93441172606db330A6B2d08aC7709496',1,0,'0xc4ada702d5bac893fa48add9b5d1e5206b37163e9b9f560eebb5c6234fbc9ef3','2023-03-10 05:48:37',NULL),(182,'49',2,'TRANSFER',NULL,'0x0000000000000000000000000000000000000000','0xf5781F4b93441172606db330A6B2d08aC7709496',1,0,'0xc4ada702d5bac893fa48add9b5d1e5206b37163e9b9f560eebb5c6234fbc9ef3','2023-03-10 05:48:37',NULL),(183,'50',2,'TRANSFER',NULL,'0x0000000000000000000000000000000000000000','0xf5781F4b93441172606db330A6B2d08aC7709496',1,0,'0xc4ada702d5bac893fa48add9b5d1e5206b37163e9b9f560eebb5c6234fbc9ef3','2023-03-10 05:48:37',NULL),(184,'51',2,'TRANSFER',NULL,'0x0000000000000000000000000000000000000000','0xf5781F4b93441172606db330A6B2d08aC7709496',1,0,'0xc4ada702d5bac893fa48add9b5d1e5206b37163e9b9f560eebb5c6234fbc9ef3','2023-03-10 05:48:37',NULL),(185,'52',2,'TRANSFER',NULL,'0x0000000000000000000000000000000000000000','0xf5781F4b93441172606db330A6B2d08aC7709496',1,0,'0xc4ada702d5bac893fa48add9b5d1e5206b37163e9b9f560eebb5c6234fbc9ef3','2023-03-10 05:48:37',NULL),(186,'53',2,'TRANSFER',NULL,'0x0000000000000000000000000000000000000000','0xf5781F4b93441172606db330A6B2d08aC7709496',1,0,'0xc4ada702d5bac893fa48add9b5d1e5206b37163e9b9f560eebb5c6234fbc9ef3','2023-03-10 05:48:37',NULL),(187,'54',2,'TRANSFER',NULL,'0x0000000000000000000000000000000000000000','0xf5781F4b93441172606db330A6B2d08aC7709496',1,0,'0xc4ada702d5bac893fa48add9b5d1e5206b37163e9b9f560eebb5c6234fbc9ef3','2023-03-10 05:48:37',NULL),(188,'55',2,'TRANSFER',NULL,'0x0000000000000000000000000000000000000000','0xf5781F4b93441172606db330A6B2d08aC7709496',1,0,'0xc4ada702d5bac893fa48add9b5d1e5206b37163e9b9f560eebb5c6234fbc9ef3','2023-03-10 05:48:37',NULL),(189,'56',2,'TRANSFER',NULL,'0x0000000000000000000000000000000000000000','0xf5781F4b93441172606db330A6B2d08aC7709496',1,0,'0xc4ada702d5bac893fa48add9b5d1e5206b37163e9b9f560eebb5c6234fbc9ef3','2023-03-10 05:48:37',NULL),(190,'57',2,'TRANSFER',NULL,'0x0000000000000000000000000000000000000000','0xf5781F4b93441172606db330A6B2d08aC7709496',1,0,'0xc4ada702d5bac893fa48add9b5d1e5206b37163e9b9f560eebb5c6234fbc9ef3','2023-03-10 05:48:37',NULL),(191,'58',2,'TRANSFER',NULL,'0x0000000000000000000000000000000000000000','0xf5781F4b93441172606db330A6B2d08aC7709496',1,0,'0xc4ada702d5bac893fa48add9b5d1e5206b37163e9b9f560eebb5c6234fbc9ef3','2023-03-10 05:48:37',NULL),(192,'59',2,'TRANSFER',NULL,'0x0000000000000000000000000000000000000000','0xf5781F4b93441172606db330A6B2d08aC7709496',1,0,'0xc4ada702d5bac893fa48add9b5d1e5206b37163e9b9f560eebb5c6234fbc9ef3','2023-03-10 05:48:37',NULL),(193,'60',2,'TRANSFER',NULL,'0x0000000000000000000000000000000000000000','0xf5781F4b93441172606db330A6B2d08aC7709496',1,0,'0xc4ada702d5bac893fa48add9b5d1e5206b37163e9b9f560eebb5c6234fbc9ef3','2023-03-10 05:48:37',NULL),(194,'61',2,'TRANSFER',NULL,'0x0000000000000000000000000000000000000000','0xf5781F4b93441172606db330A6B2d08aC7709496',1,0,'0xc4ada702d5bac893fa48add9b5d1e5206b37163e9b9f560eebb5c6234fbc9ef3','2023-03-10 05:48:37',NULL),(195,'62',2,'TRANSFER',NULL,'0x0000000000000000000000000000000000000000','0xf5781F4b93441172606db330A6B2d08aC7709496',1,0,'0xc4ada702d5bac893fa48add9b5d1e5206b37163e9b9f560eebb5c6234fbc9ef3','2023-03-10 05:48:37',NULL),(196,'63',2,'TRANSFER',NULL,'0x0000000000000000000000000000000000000000','0xf5781F4b93441172606db330A6B2d08aC7709496',1,0,'0xc4ada702d5bac893fa48add9b5d1e5206b37163e9b9f560eebb5c6234fbc9ef3','2023-03-10 05:48:37',NULL),(197,'64',2,'TRANSFER',NULL,'0x0000000000000000000000000000000000000000','0xf5781F4b93441172606db330A6B2d08aC7709496',1,0,'0xc4ada702d5bac893fa48add9b5d1e5206b37163e9b9f560eebb5c6234fbc9ef3','2023-03-10 05:48:37',NULL),(198,'65',2,'TRANSFER',NULL,'0x0000000000000000000000000000000000000000','0xf5781F4b93441172606db330A6B2d08aC7709496',1,0,'0xc4ada702d5bac893fa48add9b5d1e5206b37163e9b9f560eebb5c6234fbc9ef3','2023-03-10 05:48:37',NULL),(199,'66',2,'TRANSFER',NULL,'0x0000000000000000000000000000000000000000','0xf5781F4b93441172606db330A6B2d08aC7709496',1,0,'0xc4ada702d5bac893fa48add9b5d1e5206b37163e9b9f560eebb5c6234fbc9ef3','2023-03-10 05:48:37',NULL),(200,'67',2,'TRANSFER',NULL,'0x0000000000000000000000000000000000000000','0xf5781F4b93441172606db330A6B2d08aC7709496',1,0,'0xc4ada702d5bac893fa48add9b5d1e5206b37163e9b9f560eebb5c6234fbc9ef3','2023-03-10 05:48:37',NULL),(201,'68',2,'TRANSFER',NULL,'0x0000000000000000000000000000000000000000','0xf5781F4b93441172606db330A6B2d08aC7709496',1,0,'0xc4ada702d5bac893fa48add9b5d1e5206b37163e9b9f560eebb5c6234fbc9ef3','2023-03-10 05:48:37',NULL),(202,'69',2,'TRANSFER',NULL,'0x0000000000000000000000000000000000000000','0xf5781F4b93441172606db330A6B2d08aC7709496',1,0,'0xc4ada702d5bac893fa48add9b5d1e5206b37163e9b9f560eebb5c6234fbc9ef3','2023-03-10 05:48:37',NULL),(203,'70',2,'TRANSFER',NULL,'0x0000000000000000000000000000000000000000','0xf5781F4b93441172606db330A6B2d08aC7709496',1,0,'0xc4ada702d5bac893fa48add9b5d1e5206b37163e9b9f560eebb5c6234fbc9ef3','2023-03-10 05:48:37',NULL),(204,'71',2,'TRANSFER',NULL,'0x0000000000000000000000000000000000000000','0xf5781F4b93441172606db330A6B2d08aC7709496',1,0,'0xc4ada702d5bac893fa48add9b5d1e5206b37163e9b9f560eebb5c6234fbc9ef3','2023-03-10 05:48:37',NULL),(205,'72',2,'TRANSFER',NULL,'0x0000000000000000000000000000000000000000','0xf5781F4b93441172606db330A6B2d08aC7709496',1,0,'0xc4ada702d5bac893fa48add9b5d1e5206b37163e9b9f560eebb5c6234fbc9ef3','2023-03-10 05:48:37',NULL),(206,'73',2,'TRANSFER',NULL,'0x0000000000000000000000000000000000000000','0xf5781F4b93441172606db330A6B2d08aC7709496',1,0,'0xc4ada702d5bac893fa48add9b5d1e5206b37163e9b9f560eebb5c6234fbc9ef3','2023-03-10 05:48:37',NULL),(207,'74',2,'TRANSFER',NULL,'0x0000000000000000000000000000000000000000','0xf5781F4b93441172606db330A6B2d08aC7709496',1,0,'0xc4ada702d5bac893fa48add9b5d1e5206b37163e9b9f560eebb5c6234fbc9ef3','2023-03-10 05:48:37',NULL),(208,'75',2,'TRANSFER',NULL,'0x0000000000000000000000000000000000000000','0xf5781F4b93441172606db330A6B2d08aC7709496',1,0,'0xc4ada702d5bac893fa48add9b5d1e5206b37163e9b9f560eebb5c6234fbc9ef3','2023-03-10 05:48:37',NULL),(209,'76',2,'TRANSFER',NULL,'0x0000000000000000000000000000000000000000','0xf5781F4b93441172606db330A6B2d08aC7709496',1,0,'0xc4ada702d5bac893fa48add9b5d1e5206b37163e9b9f560eebb5c6234fbc9ef3','2023-03-10 05:48:37',NULL),(210,'77',2,'TRANSFER',NULL,'0x0000000000000000000000000000000000000000','0xf5781F4b93441172606db330A6B2d08aC7709496',1,0,'0xc4ada702d5bac893fa48add9b5d1e5206b37163e9b9f560eebb5c6234fbc9ef3','2023-03-10 05:48:37',NULL),(211,'78',2,'TRANSFER',NULL,'0x0000000000000000000000000000000000000000','0xf5781F4b93441172606db330A6B2d08aC7709496',1,0,'0xc4ada702d5bac893fa48add9b5d1e5206b37163e9b9f560eebb5c6234fbc9ef3','2023-03-10 05:48:37',NULL),(212,'79',2,'TRANSFER',NULL,'0x0000000000000000000000000000000000000000','0xf5781F4b93441172606db330A6B2d08aC7709496',1,0,'0xc4ada702d5bac893fa48add9b5d1e5206b37163e9b9f560eebb5c6234fbc9ef3','2023-03-10 05:48:37',NULL),(213,'80',2,'TRANSFER',NULL,'0x0000000000000000000000000000000000000000','0xf5781F4b93441172606db330A6B2d08aC7709496',1,0,'0xc4ada702d5bac893fa48add9b5d1e5206b37163e9b9f560eebb5c6234fbc9ef3','2023-03-10 05:48:37',NULL),(214,'81',2,'TRANSFER',NULL,'0x0000000000000000000000000000000000000000','0xf5781F4b93441172606db330A6B2d08aC7709496',1,0,'0xc4ada702d5bac893fa48add9b5d1e5206b37163e9b9f560eebb5c6234fbc9ef3','2023-03-10 05:48:37',NULL),(215,'82',2,'TRANSFER',NULL,'0x0000000000000000000000000000000000000000','0xf5781F4b93441172606db330A6B2d08aC7709496',1,0,'0xc4ada702d5bac893fa48add9b5d1e5206b37163e9b9f560eebb5c6234fbc9ef3','2023-03-10 05:48:37',NULL),(216,'83',2,'TRANSFER',NULL,'0x0000000000000000000000000000000000000000','0xf5781F4b93441172606db330A6B2d08aC7709496',1,0,'0xc4ada702d5bac893fa48add9b5d1e5206b37163e9b9f560eebb5c6234fbc9ef3','2023-03-10 05:48:37',NULL),(217,'84',2,'TRANSFER',NULL,'0x0000000000000000000000000000000000000000','0xf5781F4b93441172606db330A6B2d08aC7709496',1,0,'0xc4ada702d5bac893fa48add9b5d1e5206b37163e9b9f560eebb5c6234fbc9ef3','2023-03-10 05:48:37',NULL),(218,'156',5,'MINT',NULL,'0x0000000000000000000000000000000000000000','0xf5781F4b93441172606db330A6B2d08aC7709496',1,0,'0x26ff36483e4d04ef9b6882490b8235afaaff699b086a4d036bb7135f3b10bf08','2023-03-10 05:48:47',NULL),(219,'157',5,'MINT',NULL,'0x0000000000000000000000000000000000000000','0xf5781F4b93441172606db330A6B2d08aC7709496',1,0,'0x26ff36483e4d04ef9b6882490b8235afaaff699b086a4d036bb7135f3b10bf08','2023-03-10 05:49:00',NULL),(220,'158',5,'MINT',NULL,'0x0000000000000000000000000000000000000000','0xf5781F4b93441172606db330A6B2d08aC7709496',1,0,'0x26ff36483e4d04ef9b6882490b8235afaaff699b086a4d036bb7135f3b10bf08','2023-03-10 05:49:37',NULL),(221,'159',5,'MINT',NULL,'0x0000000000000000000000000000000000000000','0xf5781F4b93441172606db330A6B2d08aC7709496',1,0,'0x26ff36483e4d04ef9b6882490b8235afaaff699b086a4d036bb7135f3b10bf08','2023-03-10 05:49:48',NULL),(222,'160',5,'MINT',NULL,'0x0000000000000000000000000000000000000000','0xf5781F4b93441172606db330A6B2d08aC7709496',1,0,'0x26ff36483e4d04ef9b6882490b8235afaaff699b086a4d036bb7135f3b10bf08','2023-03-10 05:49:58',NULL),(223,'161',5,'MINT',NULL,'0x0000000000000000000000000000000000000000','0xf5781F4b93441172606db330A6B2d08aC7709496',1,0,'0x26ff36483e4d04ef9b6882490b8235afaaff699b086a4d036bb7135f3b10bf08','2023-03-10 05:50:08',NULL),(224,'162',5,'MINT',NULL,'0x0000000000000000000000000000000000000000','0xf5781F4b93441172606db330A6B2d08aC7709496',1,0,'0x26ff36483e4d04ef9b6882490b8235afaaff699b086a4d036bb7135f3b10bf08','2023-03-10 05:50:19',NULL),(225,'163',5,'MINT',NULL,'0x0000000000000000000000000000000000000000','0xf5781F4b93441172606db330A6B2d08aC7709496',1,0,'0x26ff36483e4d04ef9b6882490b8235afaaff699b086a4d036bb7135f3b10bf08','2023-03-10 05:50:30',NULL),(226,'164',5,'MINT',NULL,'0x0000000000000000000000000000000000000000','0xf5781F4b93441172606db330A6B2d08aC7709496',1,0,'0x26ff36483e4d04ef9b6882490b8235afaaff699b086a4d036bb7135f3b10bf08','2023-03-10 05:50:43',NULL),(227,'165',5,'MINT',NULL,'0x0000000000000000000000000000000000000000','0xf5781F4b93441172606db330A6B2d08aC7709496',1,0,'0x26ff36483e4d04ef9b6882490b8235afaaff699b086a4d036bb7135f3b10bf08','2023-03-10 05:50:55',NULL),(228,'166',5,'MINT',NULL,'0x0000000000000000000000000000000000000000','0xf5781F4b93441172606db330A6B2d08aC7709496',1,0,'0x26ff36483e4d04ef9b6882490b8235afaaff699b086a4d036bb7135f3b10bf08','2023-03-10 05:51:05',NULL),(229,'167',5,'MINT',NULL,'0x0000000000000000000000000000000000000000','0xf5781F4b93441172606db330A6B2d08aC7709496',1,0,'0x26ff36483e4d04ef9b6882490b8235afaaff699b086a4d036bb7135f3b10bf08','2023-03-10 05:51:15',NULL),(230,'168',5,'MINT',NULL,'0x0000000000000000000000000000000000000000','0xf5781F4b93441172606db330A6B2d08aC7709496',1,0,'0x26ff36483e4d04ef9b6882490b8235afaaff699b086a4d036bb7135f3b10bf08','2023-03-10 05:51:34',NULL),(231,'169',5,'MINT',NULL,'0x0000000000000000000000000000000000000000','0xf5781F4b93441172606db330A6B2d08aC7709496',1,0,'0x26ff36483e4d04ef9b6882490b8235afaaff699b086a4d036bb7135f3b10bf08','2023-03-10 05:51:47',NULL),(232,'170',5,'MINT',NULL,'0x0000000000000000000000000000000000000000','0xf5781F4b93441172606db330A6B2d08aC7709496',1,0,'0x26ff36483e4d04ef9b6882490b8235afaaff699b086a4d036bb7135f3b10bf08','2023-03-10 05:51:58',NULL),(233,'171',5,'MINT',NULL,'0x0000000000000000000000000000000000000000','0xf5781F4b93441172606db330A6B2d08aC7709496',1,0,'0x26ff36483e4d04ef9b6882490b8235afaaff699b086a4d036bb7135f3b10bf08','2023-03-10 05:52:11',NULL),(234,'172',5,'MINT',NULL,'0x0000000000000000000000000000000000000000','0xf5781F4b93441172606db330A6B2d08aC7709496',1,0,'0x26ff36483e4d04ef9b6882490b8235afaaff699b086a4d036bb7135f3b10bf08','2023-03-10 05:52:21',NULL),(235,'173',5,'MINT',NULL,'0x0000000000000000000000000000000000000000','0xf5781F4b93441172606db330A6B2d08aC7709496',1,0,'0x26ff36483e4d04ef9b6882490b8235afaaff699b086a4d036bb7135f3b10bf08','2023-03-10 05:53:09',NULL),(236,'174',5,'MINT',NULL,'0x0000000000000000000000000000000000000000','0xf5781F4b93441172606db330A6B2d08aC7709496',1,0,'0x26ff36483e4d04ef9b6882490b8235afaaff699b086a4d036bb7135f3b10bf08','2023-03-10 05:53:20',NULL),(237,'175',5,'MINT',NULL,'0x0000000000000000000000000000000000000000','0xf5781F4b93441172606db330A6B2d08aC7709496',1,0,'0x26ff36483e4d04ef9b6882490b8235afaaff699b086a4d036bb7135f3b10bf08','2023-03-10 05:53:40',NULL),(238,'176',5,'MINT',NULL,'0x0000000000000000000000000000000000000000','0xf5781F4b93441172606db330A6B2d08aC7709496',1,0,'0x26ff36483e4d04ef9b6882490b8235afaaff699b086a4d036bb7135f3b10bf08','2023-03-10 05:53:50',NULL),(239,'177',5,'MINT',NULL,'0x0000000000000000000000000000000000000000','0xf5781F4b93441172606db330A6B2d08aC7709496',1,0,'0x26ff36483e4d04ef9b6882490b8235afaaff699b086a4d036bb7135f3b10bf08','2023-03-10 05:54:00',NULL),(240,'178',5,'MINT',NULL,'0x0000000000000000000000000000000000000000','0xf5781F4b93441172606db330A6B2d08aC7709496',1,0,'0x26ff36483e4d04ef9b6882490b8235afaaff699b086a4d036bb7135f3b10bf08','2023-03-10 05:54:11',NULL),(241,'179',5,'MINT',NULL,'0x0000000000000000000000000000000000000000','0xf5781F4b93441172606db330A6B2d08aC7709496',1,0,'0x26ff36483e4d04ef9b6882490b8235afaaff699b086a4d036bb7135f3b10bf08','2023-03-10 05:54:22',NULL),(242,'180',5,'MINT',NULL,'0x0000000000000000000000000000000000000000','0xf5781F4b93441172606db330A6B2d08aC7709496',1,0,'0x26ff36483e4d04ef9b6882490b8235afaaff699b086a4d036bb7135f3b10bf08','2023-03-10 05:54:33',NULL),(243,'181',5,'MINT',NULL,'0x0000000000000000000000000000000000000000','0xf5781F4b93441172606db330A6B2d08aC7709496',1,0,'0x26ff36483e4d04ef9b6882490b8235afaaff699b086a4d036bb7135f3b10bf08','2023-03-10 05:54:45',NULL),(244,'182',5,'MINT',NULL,'0x0000000000000000000000000000000000000000','0xf5781F4b93441172606db330A6B2d08aC7709496',1,0,'0x26ff36483e4d04ef9b6882490b8235afaaff699b086a4d036bb7135f3b10bf08','2023-03-10 05:54:59',NULL),(245,'183',5,'MINT',NULL,'0x0000000000000000000000000000000000000000','0xf5781F4b93441172606db330A6B2d08aC7709496',1,0,'0x26ff36483e4d04ef9b6882490b8235afaaff699b086a4d036bb7135f3b10bf08','2023-03-10 05:55:10',NULL),(246,'184',5,'MINT',NULL,'0x0000000000000000000000000000000000000000','0xf5781F4b93441172606db330A6B2d08aC7709496',1,0,'0x26ff36483e4d04ef9b6882490b8235afaaff699b086a4d036bb7135f3b10bf08','2023-03-10 05:55:31',NULL),(247,'185',5,'MINT',NULL,'0x0000000000000000000000000000000000000000','0xf5781F4b93441172606db330A6B2d08aC7709496',1,0,'0x26ff36483e4d04ef9b6882490b8235afaaff699b086a4d036bb7135f3b10bf08','2023-03-10 05:55:42',NULL),(248,'186',5,'MINT',NULL,'0x0000000000000000000000000000000000000000','0xf5781F4b93441172606db330A6B2d08aC7709496',1,0,'0x26ff36483e4d04ef9b6882490b8235afaaff699b086a4d036bb7135f3b10bf08','2023-03-10 05:56:00',NULL),(249,'187',5,'MINT',NULL,'0x0000000000000000000000000000000000000000','0xf5781F4b93441172606db330A6B2d08aC7709496',1,0,'0x26ff36483e4d04ef9b6882490b8235afaaff699b086a4d036bb7135f3b10bf08','2023-03-10 05:56:11',NULL),(250,'188',5,'MINT',NULL,'0x0000000000000000000000000000000000000000','0xf5781F4b93441172606db330A6B2d08aC7709496',1,0,'0x26ff36483e4d04ef9b6882490b8235afaaff699b086a4d036bb7135f3b10bf08','2023-03-10 05:56:21',NULL),(251,'189',5,'MINT',NULL,'0x0000000000000000000000000000000000000000','0xf5781F4b93441172606db330A6B2d08aC7709496',1,0,'0x26ff36483e4d04ef9b6882490b8235afaaff699b086a4d036bb7135f3b10bf08','2023-03-10 05:56:31',NULL),(252,'190',5,'MINT',NULL,'0x0000000000000000000000000000000000000000','0xf5781F4b93441172606db330A6B2d08aC7709496',1,0,'0x26ff36483e4d04ef9b6882490b8235afaaff699b086a4d036bb7135f3b10bf08','2023-03-10 05:56:42',NULL),(253,'191',5,'MINT',NULL,'0x0000000000000000000000000000000000000000','0xf5781F4b93441172606db330A6B2d08aC7709496',1,0,'0x26ff36483e4d04ef9b6882490b8235afaaff699b086a4d036bb7135f3b10bf08','2023-03-10 05:56:52',NULL),(254,'192',5,'MINT',NULL,'0x0000000000000000000000000000000000000000','0xf5781F4b93441172606db330A6B2d08aC7709496',1,0,'0x26ff36483e4d04ef9b6882490b8235afaaff699b086a4d036bb7135f3b10bf08','2023-03-10 05:57:04',NULL),(255,'193',5,'MINT',NULL,'0x0000000000000000000000000000000000000000','0xf5781F4b93441172606db330A6B2d08aC7709496',1,0,'0x26ff36483e4d04ef9b6882490b8235afaaff699b086a4d036bb7135f3b10bf08','2023-03-10 05:57:14',NULL),(256,'194',5,'MINT',NULL,'0x0000000000000000000000000000000000000000','0xf5781F4b93441172606db330A6B2d08aC7709496',1,0,'0x26ff36483e4d04ef9b6882490b8235afaaff699b086a4d036bb7135f3b10bf08','2023-03-10 05:57:25',NULL),(257,'195',5,'MINT',NULL,'0x0000000000000000000000000000000000000000','0xf5781F4b93441172606db330A6B2d08aC7709496',1,0,'0x26ff36483e4d04ef9b6882490b8235afaaff699b086a4d036bb7135f3b10bf08','2023-03-10 05:57:35',NULL),(258,'196',5,'MINT',NULL,'0x0000000000000000000000000000000000000000','0xf5781F4b93441172606db330A6B2d08aC7709496',1,0,'0x26ff36483e4d04ef9b6882490b8235afaaff699b086a4d036bb7135f3b10bf08','2023-03-10 05:57:50',NULL),(259,'197',5,'MINT',NULL,'0x0000000000000000000000000000000000000000','0xf5781F4b93441172606db330A6B2d08aC7709496',1,0,'0x26ff36483e4d04ef9b6882490b8235afaaff699b086a4d036bb7135f3b10bf08','2023-03-10 05:58:09',NULL),(260,'198',5,'MINT',NULL,'0x0000000000000000000000000000000000000000','0xf5781F4b93441172606db330A6B2d08aC7709496',1,0,'0x26ff36483e4d04ef9b6882490b8235afaaff699b086a4d036bb7135f3b10bf08','2023-03-10 05:58:20',NULL),(261,'199',5,'MINT',NULL,'0x0000000000000000000000000000000000000000','0xf5781F4b93441172606db330A6B2d08aC7709496',1,0,'0x26ff36483e4d04ef9b6882490b8235afaaff699b086a4d036bb7135f3b10bf08','2023-03-10 05:58:35',NULL),(262,'200',5,'MINT',NULL,'0x0000000000000000000000000000000000000000','0xf5781F4b93441172606db330A6B2d08aC7709496',1,0,'0x26ff36483e4d04ef9b6882490b8235afaaff699b086a4d036bb7135f3b10bf08','2023-03-10 05:58:48',NULL),(263,'201',5,'MINT',NULL,'0x0000000000000000000000000000000000000000','0xf5781F4b93441172606db330A6B2d08aC7709496',1,0,'0x26ff36483e4d04ef9b6882490b8235afaaff699b086a4d036bb7135f3b10bf08','2023-03-10 05:59:58',NULL),(264,'202',5,'MINT',NULL,'0x0000000000000000000000000000000000000000','0xf5781F4b93441172606db330A6B2d08aC7709496',1,0,'0x26ff36483e4d04ef9b6882490b8235afaaff699b086a4d036bb7135f3b10bf08','2023-03-10 06:00:13',NULL),(265,'203',5,'MINT',NULL,'0x0000000000000000000000000000000000000000','0xf5781F4b93441172606db330A6B2d08aC7709496',1,0,'0x26ff36483e4d04ef9b6882490b8235afaaff699b086a4d036bb7135f3b10bf08','2023-03-10 06:00:44',NULL),(266,'204',5,'MINT',NULL,'0x0000000000000000000000000000000000000000','0xf5781F4b93441172606db330A6B2d08aC7709496',1,0,'0x26ff36483e4d04ef9b6882490b8235afaaff699b086a4d036bb7135f3b10bf08','2023-03-10 06:00:56',NULL),(267,'205',5,'MINT',NULL,'0x0000000000000000000000000000000000000000','0xf5781F4b93441172606db330A6B2d08aC7709496',1,0,'0x26ff36483e4d04ef9b6882490b8235afaaff699b086a4d036bb7135f3b10bf08','2023-03-10 06:01:07',NULL),(268,'156',5,'TRANSFER',NULL,'0xf5781F4b93441172606db330A6B2d08aC7709496','0xeDc6f325639eEc7186E1Ddd702BFd6cCbe58c22B',1,0,'0x29ea71e6c51b1e7f3a2036905194482b3b0d554f7423fe7076fe83997163006b','2023-03-10 06:01:07',NULL),(269,'157',5,'TRANSFER',NULL,'0xf5781F4b93441172606db330A6B2d08aC7709496','0x610e84262A278e0aca36d32E08b822CC80FA5b85',1,0,'0xd985749bda82104956f7409832e7203d0bd315f9c1c9a0b193af68288286bb96','2023-03-10 06:22:31',NULL),(270,'158',5,'TRANSFER',NULL,'0xf5781F4b93441172606db330A6B2d08aC7709496','0x610e84262A278e0aca36d32E08b822CC80FA5b85',1,0,'0xce939b9fe2ac0ca0438fe279e1e4592a2bfe5290921e5554f9d8193844c3f2ab','2023-03-10 06:22:31',NULL),(271,'159',5,'TRANSFER',NULL,'0xf5781F4b93441172606db330A6B2d08aC7709496','0x610e84262A278e0aca36d32E08b822CC80FA5b85',1,0,'0x39821fc548e735f2e8cb84451dca2a3b1c728f730741206243f0e179b76dc437','2023-03-10 06:22:31',NULL),(272,'160',5,'TRANSFER',NULL,'0xf5781F4b93441172606db330A6B2d08aC7709496','0x610e84262A278e0aca36d32E08b822CC80FA5b85',1,0,'0x0e4df3f88f229cd664ae3074290eb510e25b0fedef0de9990b6705c39a08d363','2023-03-10 06:22:31',NULL),(273,'161',5,'TRANSFER',NULL,'0xf5781F4b93441172606db330A6B2d08aC7709496','0x610e84262A278e0aca36d32E08b822CC80FA5b85',1,0,'0x8c62a1537b36ae68317401ca7e6110444c09374b029d46b7e4b92e772d0a487a','2023-03-10 06:22:31',NULL),(274,'162',5,'TRANSFER',NULL,'0xf5781F4b93441172606db330A6B2d08aC7709496','0x610e84262A278e0aca36d32E08b822CC80FA5b85',1,0,'0xa72e7c3cdbb89e95e47f8647b0225323572a3c816dba8d77106a821994424a55','2023-03-10 06:22:31',NULL),(275,'163',5,'TRANSFER',NULL,'0xf5781F4b93441172606db330A6B2d08aC7709496','0x610e84262A278e0aca36d32E08b822CC80FA5b85',1,0,'0xa3acdfdbfd1867957d13d71128e7d55fd8fdda41f557acee3b7f72abf0574ce2','2023-03-10 06:22:31',NULL),(276,'164',5,'TRANSFER',NULL,'0xf5781F4b93441172606db330A6B2d08aC7709496','0x610e84262A278e0aca36d32E08b822CC80FA5b85',1,0,'0x155bffafb25d5e6d71d65d1c397527922d757d44eb6910c82efcbaef4646249d','2023-03-10 06:22:31',NULL),(277,'165',5,'TRANSFER',NULL,'0xf5781F4b93441172606db330A6B2d08aC7709496','0x610e84262A278e0aca36d32E08b822CC80FA5b85',1,0,'0x3416da25b7079e0a3f75e9804a07acf80be365e3efafcf239c5bf5c42d2e6576','2023-03-10 06:22:31',NULL),(278,'167',5,'TRANSFER',NULL,'0xf5781F4b93441172606db330A6B2d08aC7709496','0x610e84262A278e0aca36d32E08b822CC80FA5b85',1,0,'0x543eebe2b15d4f5f2fc5818ddd2665296d45d931f834b72eb4df6a1aa02993be','2023-03-10 06:22:31',NULL),(279,'168',5,'TRANSFER',NULL,'0xf5781F4b93441172606db330A6B2d08aC7709496','0x610e84262A278e0aca36d32E08b822CC80FA5b85',1,0,'0xdc58aafdfee36369f5a83072320798fac56707aa55f7eb7e26fe11a20a7c0a97','2023-03-10 06:22:31',NULL),(280,'169',5,'TRANSFER',NULL,'0xf5781F4b93441172606db330A6B2d08aC7709496','0x610e84262A278e0aca36d32E08b822CC80FA5b85',1,0,'0x94c65a1b41fd30fa15a923b4bb1b10944a6929ad086fb13bc1d8cc05305c703f','2023-03-10 06:22:31',NULL),(281,'170',5,'TRANSFER',NULL,'0xf5781F4b93441172606db330A6B2d08aC7709496','0x610e84262A278e0aca36d32E08b822CC80FA5b85',1,0,'0x7db0fc4feaccacbbddbebd63e11645658a103316b5906ec486a7a729cb5a1e3b','2023-03-10 06:22:31',NULL),(282,'171',5,'TRANSFER',NULL,'0xf5781F4b93441172606db330A6B2d08aC7709496','0x610e84262A278e0aca36d32E08b822CC80FA5b85',1,0,'0x9480a361b312f8dda3e983576297badc8148985b81b8a09a9b418a56c5947e4a','2023-03-10 06:22:31',NULL),(283,'172',5,'TRANSFER',NULL,'0xf5781F4b93441172606db330A6B2d08aC7709496','0x610e84262A278e0aca36d32E08b822CC80FA5b85',1,0,'0x0f2594511e25f38f20d18a9d9e8b33e50bdfd20375e572c39849f963c842340d','2023-03-10 06:22:31',NULL),(284,'173',5,'TRANSFER',NULL,'0xf5781F4b93441172606db330A6B2d08aC7709496','0x610e84262A278e0aca36d32E08b822CC80FA5b85',1,0,'0x4b0cc68a6845f967cd9845c1ae3367ae1e6e32f83487c8cf60152993c9c973d2','2023-03-10 06:22:31',NULL),(285,'174',5,'TRANSFER',NULL,'0xf5781F4b93441172606db330A6B2d08aC7709496','0x610e84262A278e0aca36d32E08b822CC80FA5b85',1,0,'0xce3b5a75ccce2cc9c79c3e9ea8fc8be5e02e66ca69c04bef59077583872e2502','2023-03-10 06:22:31',NULL),(286,'175',5,'TRANSFER',NULL,'0xf5781F4b93441172606db330A6B2d08aC7709496','0x610e84262A278e0aca36d32E08b822CC80FA5b85',1,0,'0x9962e0c8b0009ee2f9fa16c48ac6864f7587d0f53504147300ec107db2feaa14','2023-03-10 06:22:31',NULL),(287,'176',5,'TRANSFER',NULL,'0xf5781F4b93441172606db330A6B2d08aC7709496','0x610e84262A278e0aca36d32E08b822CC80FA5b85',1,0,'0x67ac34f0d2b0951688cc4bb3f8493b008730700689d6e12088cf6f3fed58d602','2023-03-10 06:22:31',NULL),(288,'177',5,'TRANSFER',NULL,'0xf5781F4b93441172606db330A6B2d08aC7709496','0x610e84262A278e0aca36d32E08b822CC80FA5b85',1,0,'0xf7abd67e808e44c493a75439687c1a499105f142a85c8e7f9f8afdb7ef4b5941','2023-03-10 06:22:31',NULL),(289,'178',5,'TRANSFER',NULL,'0xf5781F4b93441172606db330A6B2d08aC7709496','0x610e84262A278e0aca36d32E08b822CC80FA5b85',1,0,'0x322442cf47d4382b06d40906df1ab8d0eac775f16d40e4690e7d226b9f4eb7f5','2023-03-10 06:22:31',NULL),(290,'179',5,'TRANSFER',NULL,'0xf5781F4b93441172606db330A6B2d08aC7709496','0x610e84262A278e0aca36d32E08b822CC80FA5b85',1,0,'0x860b85be22475672f7ac2100b8d949a2c17bfbd1388798b4374fb5db1128be18','2023-03-10 06:22:31',NULL),(291,'180',5,'TRANSFER',NULL,'0xf5781F4b93441172606db330A6B2d08aC7709496','0x610e84262A278e0aca36d32E08b822CC80FA5b85',1,0,'0x7c2a286def7fdf9adfe40cd83f3369206b9c3848828eb65e9f50ab9aa49f924c','2023-03-10 06:22:31',NULL),(292,'181',5,'TRANSFER',NULL,'0xf5781F4b93441172606db330A6B2d08aC7709496','0x610e84262A278e0aca36d32E08b822CC80FA5b85',1,0,'0xd455a8f157ef9339cbfd5c21254a7552231670279198938fd5bd46bfab85eede','2023-03-10 06:22:31',NULL),(293,'182',5,'TRANSFER',NULL,'0xf5781F4b93441172606db330A6B2d08aC7709496','0x610e84262A278e0aca36d32E08b822CC80FA5b85',1,0,'0x636582b143ee1cfdf7a306ac847acb23409bdcd50d18405fc22190d13652c10f','2023-03-10 06:22:31',NULL),(294,'183',5,'TRANSFER',NULL,'0xf5781F4b93441172606db330A6B2d08aC7709496','0x610e84262A278e0aca36d32E08b822CC80FA5b85',1,0,'0xc184e9476eb61b965ffaf489f9475f23b33ea5b702c37a9bd59d51d18add14da','2023-03-10 06:22:31',NULL),(295,'184',5,'TRANSFER',NULL,'0xf5781F4b93441172606db330A6B2d08aC7709496','0x610e84262A278e0aca36d32E08b822CC80FA5b85',1,0,'0xdadb416083f51b8f97a493a4ab047e04def28c802ffc483c7143d51a3c40da21','2023-03-10 06:22:31',NULL),(296,'185',5,'TRANSFER',NULL,'0xf5781F4b93441172606db330A6B2d08aC7709496','0x610e84262A278e0aca36d32E08b822CC80FA5b85',1,0,'0xc4a96b18c49c35dd8f8f72942cfad5890c65417342b643dcc82b76041eebb268','2023-03-10 06:22:31',NULL),(297,'186',5,'TRANSFER',NULL,'0xf5781F4b93441172606db330A6B2d08aC7709496','0x610e84262A278e0aca36d32E08b822CC80FA5b85',1,0,'0x3f4732486e0554a532f539d492d476c38065b28c4fd3b8511001dd9d535691b9','2023-03-10 06:22:31',NULL),(298,'187',5,'TRANSFER',NULL,'0xf5781F4b93441172606db330A6B2d08aC7709496','0x610e84262A278e0aca36d32E08b822CC80FA5b85',1,0,'0x47df359b0374d6726797a81420e2d850394fa930edc75797b6d4b99bd0f09550','2023-03-10 06:22:31',NULL),(299,'188',5,'TRANSFER',NULL,'0xf5781F4b93441172606db330A6B2d08aC7709496','0x610e84262A278e0aca36d32E08b822CC80FA5b85',1,0,'0x55bcf7568053c8150667b7aba90cfeceac433f6d1b03a9011fced7b7223a1346','2023-03-10 06:22:31',NULL),(300,'189',5,'TRANSFER',NULL,'0xf5781F4b93441172606db330A6B2d08aC7709496','0x610e84262A278e0aca36d32E08b822CC80FA5b85',1,0,'0x07c272ed7fbe758a5d22dd9ab8762a64bbbe99aa519c9fd6b18df6b7748b277d','2023-03-10 06:22:31',NULL),(301,'190',5,'TRANSFER',NULL,'0xf5781F4b93441172606db330A6B2d08aC7709496','0x610e84262A278e0aca36d32E08b822CC80FA5b85',1,0,'0xb02c7f6864191dfd7cb18d6aa77c7a5d1dde88c9bdbdb2599d8161928e985e8a','2023-03-10 06:22:31',NULL),(302,'191',5,'TRANSFER',NULL,'0xf5781F4b93441172606db330A6B2d08aC7709496','0x610e84262A278e0aca36d32E08b822CC80FA5b85',1,0,'0x93f67e1ba7693bf13977a21440aa78165248b9b64e4df7d93d873ce1c9aebdee','2023-03-10 06:22:31',NULL),(303,'192',5,'TRANSFER',NULL,'0xf5781F4b93441172606db330A6B2d08aC7709496','0x610e84262A278e0aca36d32E08b822CC80FA5b85',1,0,'0x725a4ffa3909bc317f0e23d9d4ed6998ad814d2d8957a9ba4d65767198932768','2023-03-10 06:22:31',NULL),(304,'193',5,'TRANSFER',NULL,'0xf5781F4b93441172606db330A6B2d08aC7709496','0x610e84262A278e0aca36d32E08b822CC80FA5b85',1,0,'0x252934197caa4345e2658f02df2d82d9594b149d2a941bfd02607e4a99cb2b6e','2023-03-10 06:22:31',NULL),(305,'194',5,'TRANSFER',NULL,'0xf5781F4b93441172606db330A6B2d08aC7709496','0x610e84262A278e0aca36d32E08b822CC80FA5b85',1,0,'0x93b71f8b124ee4d8f942e1f4afbaa6b695c9e4b4199c05ca56d8c8a86711def9','2023-03-10 06:22:31',NULL),(306,'195',5,'TRANSFER',NULL,'0xf5781F4b93441172606db330A6B2d08aC7709496','0x610e84262A278e0aca36d32E08b822CC80FA5b85',1,0,'0xea5db2898ff1bfd86f69ae9bded7ae5e8c2767bd46a1f0d64f2356cc3f92e786','2023-03-10 06:22:31',NULL),(307,'196',5,'TRANSFER',NULL,'0xf5781F4b93441172606db330A6B2d08aC7709496','0x610e84262A278e0aca36d32E08b822CC80FA5b85',1,0,'0x73b31cfa627cc1636d2539c2aefcd3467be43fa5e615aff2f5376326e6865a8f','2023-03-10 06:22:31',NULL),(308,'197',5,'TRANSFER',NULL,'0xf5781F4b93441172606db330A6B2d08aC7709496','0x610e84262A278e0aca36d32E08b822CC80FA5b85',1,0,'0x7541cf87363ab9e1b01970cf5609d897a44366a271fb7c96c26aed867cbf5d4d','2023-03-10 06:22:31',NULL),(309,'198',5,'TRANSFER',NULL,'0xf5781F4b93441172606db330A6B2d08aC7709496','0x610e84262A278e0aca36d32E08b822CC80FA5b85',1,0,'0xc645f29dcc50c77e0bbbdbd7a9fe026678c1d9cddc0d4183aa7874bca4c30334','2023-03-10 06:22:31',NULL),(310,'199',5,'TRANSFER',NULL,'0xf5781F4b93441172606db330A6B2d08aC7709496','0x610e84262A278e0aca36d32E08b822CC80FA5b85',1,0,'0xd155c03be3b6efc34ec0a69c63028d683585efa56d58d5bf67cf8d3576ac025c','2023-03-10 06:22:31',NULL),(311,'200',5,'TRANSFER',NULL,'0xf5781F4b93441172606db330A6B2d08aC7709496','0x610e84262A278e0aca36d32E08b822CC80FA5b85',1,0,'0x6a5daec78656aed74ec168e522fa7dbb96804d39baa178da8ee93e3934f0f608','2023-03-10 06:22:31',NULL),(312,'201',5,'TRANSFER',NULL,'0xf5781F4b93441172606db330A6B2d08aC7709496','0x610e84262A278e0aca36d32E08b822CC80FA5b85',1,0,'0x903e8f762ea361b0022a9547b4a7242dc05f72b7dd08c91b96bdf3f6afc37229','2023-03-10 06:22:31',NULL),(313,'202',5,'TRANSFER',NULL,'0xf5781F4b93441172606db330A6B2d08aC7709496','0x610e84262A278e0aca36d32E08b822CC80FA5b85',1,0,'0x4de18abbc4f4351985df3d3476036464d884746e5283901f80caba9390f31792','2023-03-10 06:22:31',NULL),(314,'203',5,'TRANSFER',NULL,'0xf5781F4b93441172606db330A6B2d08aC7709496','0x610e84262A278e0aca36d32E08b822CC80FA5b85',1,0,'0x47c2695dbd19f0cd0b62e7fcc2e208283cd62dc3127edf3faa3cf80cc19ae853','2023-03-10 06:22:31',NULL),(315,'204',5,'TRANSFER',NULL,'0xf5781F4b93441172606db330A6B2d08aC7709496','0x610e84262A278e0aca36d32E08b822CC80FA5b85',1,0,'0x955884272d80071e4481eb57c8ba8fbcdf026d9000fb8f0c52a83edbf4f82322','2023-03-10 06:22:31',NULL),(316,'205',5,'TRANSFER',NULL,'0xf5781F4b93441172606db330A6B2d08aC7709496','0x610e84262A278e0aca36d32E08b822CC80FA5b85',1,0,'0xa4f227c377bed562e1c5f5789b7f64217e1257c492c5432b7e6b1e5ae254af58','2023-03-10 06:22:31',NULL),(317,'166',5,'TRANSFER',NULL,'0xf5781F4b93441172606db330A6B2d08aC7709496','0x610e84262A278e0aca36d32E08b822CC80FA5b85',1,0,'0x4a2c737e6f62b2068b58017861ba6020feb7f521c06913573e70cad290f6b87b','2023-03-10 06:26:04',NULL),(318,'157',5,'TRANSFER',NULL,'0x610e84262A278e0aca36d32E08b822CC80FA5b85','0xeDc6f325639eEc7186E1Ddd702BFd6cCbe58c22B',1,0,'0x696760fd47256453309a7854e078900ca32fafef3a3cafbb6ba628b2d17840ed','2023-03-10 06:39:41',NULL),(319,'158',5,'TRANSFER',NULL,'0x610e84262A278e0aca36d32E08b822CC80FA5b85','0x5B6d4dC1CEC3F5fcFB6A5B7A8c7e79C6789defac',1,0,'0x9c51d03f9880dcad5233c1fb19c7fa60ed0b904c2c881714a9909da6389ddc8f','2023-03-10 14:24:30',NULL),(320,'159',5,'TRANSFER',NULL,'0x610e84262A278e0aca36d32E08b822CC80FA5b85','0x610e84262A278e0aca36d32E08b822CC80FA5b85',1,0,'0x7e5501fafa175a13c48f6dae589af7900252c4c7d86c47add09a5eac1394c23b','2023-03-13 12:05:27',NULL),(321,'206',1,'MINT',NULL,'0x0000000000000000000000000000000000000000','0x610e84262A278e0aca36d32E08b822CC80FA5b85',1,0,'0xe2e4dd7826aa792ebce6af573832939c213174d5000ef631ae3503b529ab0aaf','2023-03-16 06:48:19',NULL),(322,'207',1,'MINT',NULL,'0x0000000000000000000000000000000000000000','0x610e84262A278e0aca36d32E08b822CC80FA5b85',1,0,'0xe2e4dd7826aa792ebce6af573832939c213174d5000ef631ae3503b529ab0aaf','2023-03-16 06:48:21',NULL),(323,'208',1,'MINT',NULL,'0x0000000000000000000000000000000000000000','0x610e84262A278e0aca36d32E08b822CC80FA5b85',1,0,'0xe2e4dd7826aa792ebce6af573832939c213174d5000ef631ae3503b529ab0aaf','2023-03-16 06:48:23',NULL),(324,'209',1,'MINT',NULL,'0x0000000000000000000000000000000000000000','0x610e84262A278e0aca36d32E08b822CC80FA5b85',1,0,'0xe2e4dd7826aa792ebce6af573832939c213174d5000ef631ae3503b529ab0aaf','2023-03-16 06:48:26',NULL),(325,'210',1,'MINT',NULL,'0x0000000000000000000000000000000000000000','0x610e84262A278e0aca36d32E08b822CC80FA5b85',1,0,'0xe2e4dd7826aa792ebce6af573832939c213174d5000ef631ae3503b529ab0aaf','2023-03-16 06:48:28',NULL),(326,'211',1,'MINT',NULL,'0x0000000000000000000000000000000000000000','0x610e84262A278e0aca36d32E08b822CC80FA5b85',1,0,'0xe2e4dd7826aa792ebce6af573832939c213174d5000ef631ae3503b529ab0aaf','2023-03-16 06:48:30',NULL),(327,'212',1,'MINT',NULL,'0x0000000000000000000000000000000000000000','0x610e84262A278e0aca36d32E08b822CC80FA5b85',1,0,'0xe2e4dd7826aa792ebce6af573832939c213174d5000ef631ae3503b529ab0aaf','2023-03-16 06:48:32',NULL),(328,'213',1,'MINT',NULL,'0x0000000000000000000000000000000000000000','0x610e84262A278e0aca36d32E08b822CC80FA5b85',1,0,'0xe2e4dd7826aa792ebce6af573832939c213174d5000ef631ae3503b529ab0aaf','2023-03-16 06:48:35',NULL),(329,'214',1,'MINT',NULL,'0x0000000000000000000000000000000000000000','0x610e84262A278e0aca36d32E08b822CC80FA5b85',1,0,'0xe2e4dd7826aa792ebce6af573832939c213174d5000ef631ae3503b529ab0aaf','2023-03-16 06:48:37',NULL),(330,'215',1,'MINT',NULL,'0x0000000000000000000000000000000000000000','0x610e84262A278e0aca36d32E08b822CC80FA5b85',1,0,'0xe2e4dd7826aa792ebce6af573832939c213174d5000ef631ae3503b529ab0aaf','2023-03-16 06:48:39',NULL),(331,'216',1,'MINT',NULL,'0x0000000000000000000000000000000000000000','0x610e84262A278e0aca36d32E08b822CC80FA5b85',1,0,'0xe2e4dd7826aa792ebce6af573832939c213174d5000ef631ae3503b529ab0aaf','2023-03-16 06:48:41',NULL),(332,'217',1,'MINT',NULL,'0x0000000000000000000000000000000000000000','0x610e84262A278e0aca36d32E08b822CC80FA5b85',1,0,'0xe2e4dd7826aa792ebce6af573832939c213174d5000ef631ae3503b529ab0aaf','2023-03-16 06:48:43',NULL),(333,'218',1,'MINT',NULL,'0x0000000000000000000000000000000000000000','0x610e84262A278e0aca36d32E08b822CC80FA5b85',1,0,'0xe2e4dd7826aa792ebce6af573832939c213174d5000ef631ae3503b529ab0aaf','2023-03-16 06:48:46',NULL),(334,'219',1,'MINT',NULL,'0x0000000000000000000000000000000000000000','0x610e84262A278e0aca36d32E08b822CC80FA5b85',1,0,'0xe2e4dd7826aa792ebce6af573832939c213174d5000ef631ae3503b529ab0aaf','2023-03-16 06:48:48',NULL),(335,'220',1,'MINT',NULL,'0x0000000000000000000000000000000000000000','0x610e84262A278e0aca36d32E08b822CC80FA5b85',1,0,'0xe2e4dd7826aa792ebce6af573832939c213174d5000ef631ae3503b529ab0aaf','2023-03-16 06:48:50',NULL),(336,'221',1,'MINT',NULL,'0x0000000000000000000000000000000000000000','0x610e84262A278e0aca36d32E08b822CC80FA5b85',1,0,'0xe2e4dd7826aa792ebce6af573832939c213174d5000ef631ae3503b529ab0aaf','2023-03-16 06:48:52',NULL),(337,'222',1,'MINT',NULL,'0x0000000000000000000000000000000000000000','0x610e84262A278e0aca36d32E08b822CC80FA5b85',1,0,'0xe2e4dd7826aa792ebce6af573832939c213174d5000ef631ae3503b529ab0aaf','2023-03-16 06:48:55',NULL),(338,'223',1,'MINT',NULL,'0x0000000000000000000000000000000000000000','0x610e84262A278e0aca36d32E08b822CC80FA5b85',1,0,'0xe2e4dd7826aa792ebce6af573832939c213174d5000ef631ae3503b529ab0aaf','2023-03-16 06:48:57',NULL),(339,'224',1,'MINT',NULL,'0x0000000000000000000000000000000000000000','0x610e84262A278e0aca36d32E08b822CC80FA5b85',1,0,'0xe2e4dd7826aa792ebce6af573832939c213174d5000ef631ae3503b529ab0aaf','2023-03-16 06:48:59',NULL),(340,'225',1,'MINT',NULL,'0x0000000000000000000000000000000000000000','0x610e84262A278e0aca36d32E08b822CC80FA5b85',1,0,'0xe2e4dd7826aa792ebce6af573832939c213174d5000ef631ae3503b529ab0aaf','2023-03-16 06:49:01',NULL),(341,'226',1,'MINT',NULL,'0x0000000000000000000000000000000000000000','0x610e84262A278e0aca36d32E08b822CC80FA5b85',1,0,'0xe2e4dd7826aa792ebce6af573832939c213174d5000ef631ae3503b529ab0aaf','2023-03-16 06:49:04',NULL),(342,'227',1,'MINT',NULL,'0x0000000000000000000000000000000000000000','0x610e84262A278e0aca36d32E08b822CC80FA5b85',1,0,'0xe2e4dd7826aa792ebce6af573832939c213174d5000ef631ae3503b529ab0aaf','2023-03-16 06:49:06',NULL),(343,'228',1,'MINT',NULL,'0x0000000000000000000000000000000000000000','0x610e84262A278e0aca36d32E08b822CC80FA5b85',1,0,'0xe2e4dd7826aa792ebce6af573832939c213174d5000ef631ae3503b529ab0aaf','2023-03-16 06:49:08',NULL),(344,'229',1,'MINT',NULL,'0x0000000000000000000000000000000000000000','0x610e84262A278e0aca36d32E08b822CC80FA5b85',1,0,'0xe2e4dd7826aa792ebce6af573832939c213174d5000ef631ae3503b529ab0aaf','2023-03-16 06:49:10',NULL),(345,'230',1,'MINT',NULL,'0x0000000000000000000000000000000000000000','0x610e84262A278e0aca36d32E08b822CC80FA5b85',1,0,'0xe2e4dd7826aa792ebce6af573832939c213174d5000ef631ae3503b529ab0aaf','2023-03-16 06:49:13',NULL),(346,'231',1,'MINT',NULL,'0x0000000000000000000000000000000000000000','0x610e84262A278e0aca36d32E08b822CC80FA5b85',1,0,'0xe2e4dd7826aa792ebce6af573832939c213174d5000ef631ae3503b529ab0aaf','2023-03-16 06:49:15',NULL),(347,'232',1,'MINT',NULL,'0x0000000000000000000000000000000000000000','0x610e84262A278e0aca36d32E08b822CC80FA5b85',1,0,'0xe2e4dd7826aa792ebce6af573832939c213174d5000ef631ae3503b529ab0aaf','2023-03-16 06:49:17',NULL),(348,'233',1,'MINT',NULL,'0x0000000000000000000000000000000000000000','0x610e84262A278e0aca36d32E08b822CC80FA5b85',1,0,'0xe2e4dd7826aa792ebce6af573832939c213174d5000ef631ae3503b529ab0aaf','2023-03-16 06:49:19',NULL),(349,'234',1,'MINT',NULL,'0x0000000000000000000000000000000000000000','0x610e84262A278e0aca36d32E08b822CC80FA5b85',1,0,'0xe2e4dd7826aa792ebce6af573832939c213174d5000ef631ae3503b529ab0aaf','2023-03-16 06:49:22',NULL),(350,'235',1,'MINT',NULL,'0x0000000000000000000000000000000000000000','0x610e84262A278e0aca36d32E08b822CC80FA5b85',1,0,'0xe2e4dd7826aa792ebce6af573832939c213174d5000ef631ae3503b529ab0aaf','2023-03-16 06:49:24',NULL),(351,'236',1,'MINT',NULL,'0x0000000000000000000000000000000000000000','0x610e84262A278e0aca36d32E08b822CC80FA5b85',1,0,'0xe2e4dd7826aa792ebce6af573832939c213174d5000ef631ae3503b529ab0aaf','2023-03-16 06:49:26',NULL),(352,'237',1,'MINT',NULL,'0x0000000000000000000000000000000000000000','0x610e84262A278e0aca36d32E08b822CC80FA5b85',1,0,'0xe2e4dd7826aa792ebce6af573832939c213174d5000ef631ae3503b529ab0aaf','2023-03-16 06:49:28',NULL),(353,'238',1,'MINT',NULL,'0x0000000000000000000000000000000000000000','0x610e84262A278e0aca36d32E08b822CC80FA5b85',1,0,'0xe2e4dd7826aa792ebce6af573832939c213174d5000ef631ae3503b529ab0aaf','2023-03-16 06:49:31',NULL),(354,'239',1,'MINT',NULL,'0x0000000000000000000000000000000000000000','0x610e84262A278e0aca36d32E08b822CC80FA5b85',1,0,'0xe2e4dd7826aa792ebce6af573832939c213174d5000ef631ae3503b529ab0aaf','2023-03-16 06:49:33',NULL),(355,'240',1,'MINT',NULL,'0x0000000000000000000000000000000000000000','0x610e84262A278e0aca36d32E08b822CC80FA5b85',1,0,'0xe2e4dd7826aa792ebce6af573832939c213174d5000ef631ae3503b529ab0aaf','2023-03-16 06:49:35',NULL),(356,'241',1,'MINT',NULL,'0x0000000000000000000000000000000000000000','0x610e84262A278e0aca36d32E08b822CC80FA5b85',1,0,'0xe2e4dd7826aa792ebce6af573832939c213174d5000ef631ae3503b529ab0aaf','2023-03-16 06:49:37',NULL),(357,'242',1,'MINT',NULL,'0x0000000000000000000000000000000000000000','0x610e84262A278e0aca36d32E08b822CC80FA5b85',1,0,'0xe2e4dd7826aa792ebce6af573832939c213174d5000ef631ae3503b529ab0aaf','2023-03-16 06:49:40',NULL),(358,'243',1,'MINT',NULL,'0x0000000000000000000000000000000000000000','0x610e84262A278e0aca36d32E08b822CC80FA5b85',1,0,'0xe2e4dd7826aa792ebce6af573832939c213174d5000ef631ae3503b529ab0aaf','2023-03-16 06:49:42',NULL),(359,'244',1,'MINT',NULL,'0x0000000000000000000000000000000000000000','0x610e84262A278e0aca36d32E08b822CC80FA5b85',1,0,'0xe2e4dd7826aa792ebce6af573832939c213174d5000ef631ae3503b529ab0aaf','2023-03-16 06:49:44',NULL),(360,'245',1,'MINT',NULL,'0x0000000000000000000000000000000000000000','0x610e84262A278e0aca36d32E08b822CC80FA5b85',1,0,'0xe2e4dd7826aa792ebce6af573832939c213174d5000ef631ae3503b529ab0aaf','2023-03-16 06:49:46',NULL),(361,'246',1,'MINT',NULL,'0x0000000000000000000000000000000000000000','0x610e84262A278e0aca36d32E08b822CC80FA5b85',1,0,'0xe2e4dd7826aa792ebce6af573832939c213174d5000ef631ae3503b529ab0aaf','2023-03-16 06:49:48',NULL),(362,'247',1,'MINT',NULL,'0x0000000000000000000000000000000000000000','0x610e84262A278e0aca36d32E08b822CC80FA5b85',1,0,'0xe2e4dd7826aa792ebce6af573832939c213174d5000ef631ae3503b529ab0aaf','2023-03-16 06:49:51',NULL),(363,'248',1,'MINT',NULL,'0x0000000000000000000000000000000000000000','0x610e84262A278e0aca36d32E08b822CC80FA5b85',1,0,'0xe2e4dd7826aa792ebce6af573832939c213174d5000ef631ae3503b529ab0aaf','2023-03-16 06:49:53',NULL),(364,'249',1,'MINT',NULL,'0x0000000000000000000000000000000000000000','0x610e84262A278e0aca36d32E08b822CC80FA5b85',1,0,'0xe2e4dd7826aa792ebce6af573832939c213174d5000ef631ae3503b529ab0aaf','2023-03-16 06:49:55',NULL),(365,'250',1,'MINT',NULL,'0x0000000000000000000000000000000000000000','0x610e84262A278e0aca36d32E08b822CC80FA5b85',1,0,'0xe2e4dd7826aa792ebce6af573832939c213174d5000ef631ae3503b529ab0aaf','2023-03-16 06:49:57',NULL),(366,'251',1,'MINT',NULL,'0x0000000000000000000000000000000000000000','0x610e84262A278e0aca36d32E08b822CC80FA5b85',1,0,'0xe2e4dd7826aa792ebce6af573832939c213174d5000ef631ae3503b529ab0aaf','2023-03-16 06:50:00',NULL),(367,'252',1,'MINT',NULL,'0x0000000000000000000000000000000000000000','0x610e84262A278e0aca36d32E08b822CC80FA5b85',1,0,'0xe2e4dd7826aa792ebce6af573832939c213174d5000ef631ae3503b529ab0aaf','2023-03-16 06:50:02',NULL),(368,'253',1,'MINT',NULL,'0x0000000000000000000000000000000000000000','0x610e84262A278e0aca36d32E08b822CC80FA5b85',1,0,'0xe2e4dd7826aa792ebce6af573832939c213174d5000ef631ae3503b529ab0aaf','2023-03-16 06:50:04',NULL),(369,'254',1,'MINT',NULL,'0x0000000000000000000000000000000000000000','0x610e84262A278e0aca36d32E08b822CC80FA5b85',1,0,'0xe2e4dd7826aa792ebce6af573832939c213174d5000ef631ae3503b529ab0aaf','2023-03-16 06:50:06',NULL),(370,'255',1,'MINT',NULL,'0x0000000000000000000000000000000000000000','0x610e84262A278e0aca36d32E08b822CC80FA5b85',1,0,'0xe2e4dd7826aa792ebce6af573832939c213174d5000ef631ae3503b529ab0aaf','2023-03-16 06:50:09',NULL),(371,'256',1,'MINT',NULL,'0x0000000000000000000000000000000000000000','0x610e84262A278e0aca36d32E08b822CC80FA5b85',1,0,'0xe2e4dd7826aa792ebce6af573832939c213174d5000ef631ae3503b529ab0aaf','2023-03-16 06:50:11',NULL),(372,'257',1,'MINT',NULL,'0x0000000000000000000000000000000000000000','0x610e84262A278e0aca36d32E08b822CC80FA5b85',1,0,'0xe2e4dd7826aa792ebce6af573832939c213174d5000ef631ae3503b529ab0aaf','2023-03-16 06:50:13',NULL),(373,'258',1,'MINT',NULL,'0x0000000000000000000000000000000000000000','0x610e84262A278e0aca36d32E08b822CC80FA5b85',1,0,'0xe2e4dd7826aa792ebce6af573832939c213174d5000ef631ae3503b529ab0aaf','2023-03-16 06:50:15',NULL),(374,'259',1,'MINT',NULL,'0x0000000000000000000000000000000000000000','0x610e84262A278e0aca36d32E08b822CC80FA5b85',1,0,'0xe2e4dd7826aa792ebce6af573832939c213174d5000ef631ae3503b529ab0aaf','2023-03-16 06:50:18',NULL),(375,'260',1,'MINT',NULL,'0x0000000000000000000000000000000000000000','0x610e84262A278e0aca36d32E08b822CC80FA5b85',1,0,'0xe2e4dd7826aa792ebce6af573832939c213174d5000ef631ae3503b529ab0aaf','2023-03-16 06:50:20',NULL),(376,'261',1,'MINT',NULL,'0x0000000000000000000000000000000000000000','0x610e84262A278e0aca36d32E08b822CC80FA5b85',1,0,'0xe2e4dd7826aa792ebce6af573832939c213174d5000ef631ae3503b529ab0aaf','2023-03-16 06:50:22',NULL),(377,'262',1,'MINT',NULL,'0x0000000000000000000000000000000000000000','0x610e84262A278e0aca36d32E08b822CC80FA5b85',1,0,'0xe2e4dd7826aa792ebce6af573832939c213174d5000ef631ae3503b529ab0aaf','2023-03-16 06:50:24',NULL),(378,'263',1,'MINT',NULL,'0x0000000000000000000000000000000000000000','0x610e84262A278e0aca36d32E08b822CC80FA5b85',1,0,'0xe2e4dd7826aa792ebce6af573832939c213174d5000ef631ae3503b529ab0aaf','2023-03-16 06:50:27',NULL),(379,'264',1,'MINT',NULL,'0x0000000000000000000000000000000000000000','0x610e84262A278e0aca36d32E08b822CC80FA5b85',1,0,'0xe2e4dd7826aa792ebce6af573832939c213174d5000ef631ae3503b529ab0aaf','2023-03-16 06:50:29',NULL),(380,'265',1,'MINT',NULL,'0x0000000000000000000000000000000000000000','0x610e84262A278e0aca36d32E08b822CC80FA5b85',1,0,'0xe2e4dd7826aa792ebce6af573832939c213174d5000ef631ae3503b529ab0aaf','2023-03-16 06:50:31',NULL),(381,'266',1,'MINT',NULL,'0x0000000000000000000000000000000000000000','0x610e84262A278e0aca36d32E08b822CC80FA5b85',1,0,'0xe2e4dd7826aa792ebce6af573832939c213174d5000ef631ae3503b529ab0aaf','2023-03-16 06:50:33',NULL),(382,'267',1,'MINT',NULL,'0x0000000000000000000000000000000000000000','0x610e84262A278e0aca36d32E08b822CC80FA5b85',1,0,'0xe2e4dd7826aa792ebce6af573832939c213174d5000ef631ae3503b529ab0aaf','2023-03-16 06:50:36',NULL),(383,'268',1,'MINT',NULL,'0x0000000000000000000000000000000000000000','0x610e84262A278e0aca36d32E08b822CC80FA5b85',1,0,'0xe2e4dd7826aa792ebce6af573832939c213174d5000ef631ae3503b529ab0aaf','2023-03-16 06:50:38',NULL),(384,'269',1,'MINT',NULL,'0x0000000000000000000000000000000000000000','0x610e84262A278e0aca36d32E08b822CC80FA5b85',1,0,'0xe2e4dd7826aa792ebce6af573832939c213174d5000ef631ae3503b529ab0aaf','2023-03-16 06:50:40',NULL),(385,'270',1,'MINT',NULL,'0x0000000000000000000000000000000000000000','0x610e84262A278e0aca36d32E08b822CC80FA5b85',1,0,'0xe2e4dd7826aa792ebce6af573832939c213174d5000ef631ae3503b529ab0aaf','2023-03-16 06:50:42',NULL),(386,'271',1,'MINT',NULL,'0x0000000000000000000000000000000000000000','0x610e84262A278e0aca36d32E08b822CC80FA5b85',1,0,'0xe2e4dd7826aa792ebce6af573832939c213174d5000ef631ae3503b529ab0aaf','2023-03-16 06:50:45',NULL),(387,'272',1,'MINT',NULL,'0x0000000000000000000000000000000000000000','0x610e84262A278e0aca36d32E08b822CC80FA5b85',1,0,'0xe2e4dd7826aa792ebce6af573832939c213174d5000ef631ae3503b529ab0aaf','2023-03-16 06:50:47',NULL),(388,'273',1,'MINT',NULL,'0x0000000000000000000000000000000000000000','0x610e84262A278e0aca36d32E08b822CC80FA5b85',1,0,'0xe2e4dd7826aa792ebce6af573832939c213174d5000ef631ae3503b529ab0aaf','2023-03-16 06:50:49',NULL),(389,'274',1,'MINT',NULL,'0x0000000000000000000000000000000000000000','0x610e84262A278e0aca36d32E08b822CC80FA5b85',1,0,'0xe2e4dd7826aa792ebce6af573832939c213174d5000ef631ae3503b529ab0aaf','2023-03-16 06:50:51',NULL),(390,'275',1,'MINT',NULL,'0x0000000000000000000000000000000000000000','0x610e84262A278e0aca36d32E08b822CC80FA5b85',1,0,'0xe2e4dd7826aa792ebce6af573832939c213174d5000ef631ae3503b529ab0aaf','2023-03-16 06:50:54',NULL),(391,'276',1,'MINT',NULL,'0x0000000000000000000000000000000000000000','0x610e84262A278e0aca36d32E08b822CC80FA5b85',1,0,'0xe2e4dd7826aa792ebce6af573832939c213174d5000ef631ae3503b529ab0aaf','2023-03-16 06:50:56',NULL),(392,'277',1,'MINT',NULL,'0x0000000000000000000000000000000000000000','0x610e84262A278e0aca36d32E08b822CC80FA5b85',1,0,'0xe2e4dd7826aa792ebce6af573832939c213174d5000ef631ae3503b529ab0aaf','2023-03-16 06:50:58',NULL),(393,'278',1,'MINT',NULL,'0x0000000000000000000000000000000000000000','0x610e84262A278e0aca36d32E08b822CC80FA5b85',1,0,'0xe2e4dd7826aa792ebce6af573832939c213174d5000ef631ae3503b529ab0aaf','2023-03-16 06:51:00',NULL),(394,'279',1,'MINT',NULL,'0x0000000000000000000000000000000000000000','0x610e84262A278e0aca36d32E08b822CC80FA5b85',1,0,'0xe2e4dd7826aa792ebce6af573832939c213174d5000ef631ae3503b529ab0aaf','2023-03-16 06:51:03',NULL),(395,'280',1,'MINT',NULL,'0x0000000000000000000000000000000000000000','0x610e84262A278e0aca36d32E08b822CC80FA5b85',1,0,'0xe2e4dd7826aa792ebce6af573832939c213174d5000ef631ae3503b529ab0aaf','2023-03-16 06:51:05',NULL),(396,'281',1,'MINT',NULL,'0x0000000000000000000000000000000000000000','0x610e84262A278e0aca36d32E08b822CC80FA5b85',1,0,'0xe2e4dd7826aa792ebce6af573832939c213174d5000ef631ae3503b529ab0aaf','2023-03-16 06:51:07',NULL),(397,'282',1,'MINT',NULL,'0x0000000000000000000000000000000000000000','0x610e84262A278e0aca36d32E08b822CC80FA5b85',1,0,'0xe2e4dd7826aa792ebce6af573832939c213174d5000ef631ae3503b529ab0aaf','2023-03-16 06:51:09',NULL),(398,'283',1,'MINT',NULL,'0x0000000000000000000000000000000000000000','0x610e84262A278e0aca36d32E08b822CC80FA5b85',1,0,'0xe2e4dd7826aa792ebce6af573832939c213174d5000ef631ae3503b529ab0aaf','2023-03-16 06:51:12',NULL),(399,'284',1,'MINT',NULL,'0x0000000000000000000000000000000000000000','0x610e84262A278e0aca36d32E08b822CC80FA5b85',1,0,'0xe2e4dd7826aa792ebce6af573832939c213174d5000ef631ae3503b529ab0aaf','2023-03-16 06:51:14',NULL),(400,'285',1,'MINT',NULL,'0x0000000000000000000000000000000000000000','0x610e84262A278e0aca36d32E08b822CC80FA5b85',1,0,'0xe2e4dd7826aa792ebce6af573832939c213174d5000ef631ae3503b529ab0aaf','2023-03-16 06:51:16',NULL),(401,'286',1,'MINT',NULL,'0x0000000000000000000000000000000000000000','0x610e84262A278e0aca36d32E08b822CC80FA5b85',1,0,'0xe2e4dd7826aa792ebce6af573832939c213174d5000ef631ae3503b529ab0aaf','2023-03-16 06:51:18',NULL),(402,'287',1,'MINT',NULL,'0x0000000000000000000000000000000000000000','0x610e84262A278e0aca36d32E08b822CC80FA5b85',1,0,'0xe2e4dd7826aa792ebce6af573832939c213174d5000ef631ae3503b529ab0aaf','2023-03-16 06:51:21',NULL),(403,'288',1,'MINT',NULL,'0x0000000000000000000000000000000000000000','0x610e84262A278e0aca36d32E08b822CC80FA5b85',1,0,'0xe2e4dd7826aa792ebce6af573832939c213174d5000ef631ae3503b529ab0aaf','2023-03-16 06:51:23',NULL),(404,'289',1,'MINT',NULL,'0x0000000000000000000000000000000000000000','0x610e84262A278e0aca36d32E08b822CC80FA5b85',1,0,'0xe2e4dd7826aa792ebce6af573832939c213174d5000ef631ae3503b529ab0aaf','2023-03-16 06:51:25',NULL),(405,'290',1,'MINT',NULL,'0x0000000000000000000000000000000000000000','0x610e84262A278e0aca36d32E08b822CC80FA5b85',1,0,'0xe2e4dd7826aa792ebce6af573832939c213174d5000ef631ae3503b529ab0aaf','2023-03-16 06:51:27',NULL),(406,'291',1,'MINT',NULL,'0x0000000000000000000000000000000000000000','0x610e84262A278e0aca36d32E08b822CC80FA5b85',1,0,'0xe2e4dd7826aa792ebce6af573832939c213174d5000ef631ae3503b529ab0aaf','2023-03-16 06:51:30',NULL),(407,'292',1,'MINT',NULL,'0x0000000000000000000000000000000000000000','0x610e84262A278e0aca36d32E08b822CC80FA5b85',1,0,'0xe2e4dd7826aa792ebce6af573832939c213174d5000ef631ae3503b529ab0aaf','2023-03-16 06:51:32',NULL),(408,'293',1,'MINT',NULL,'0x0000000000000000000000000000000000000000','0x610e84262A278e0aca36d32E08b822CC80FA5b85',1,0,'0xe2e4dd7826aa792ebce6af573832939c213174d5000ef631ae3503b529ab0aaf','2023-03-16 06:51:34',NULL),(409,'294',1,'MINT',NULL,'0x0000000000000000000000000000000000000000','0x610e84262A278e0aca36d32E08b822CC80FA5b85',1,0,'0xe2e4dd7826aa792ebce6af573832939c213174d5000ef631ae3503b529ab0aaf','2023-03-16 06:51:36',NULL),(410,'295',1,'MINT',NULL,'0x0000000000000000000000000000000000000000','0x610e84262A278e0aca36d32E08b822CC80FA5b85',1,0,'0xe2e4dd7826aa792ebce6af573832939c213174d5000ef631ae3503b529ab0aaf','2023-03-16 06:51:38',NULL),(411,'296',1,'MINT',NULL,'0x0000000000000000000000000000000000000000','0x610e84262A278e0aca36d32E08b822CC80FA5b85',1,0,'0x703c4ee64fba9f815fd95055d6eb6d86d1f6c1cd7a572befd73edbf753f3177d','2023-03-16 07:06:38',NULL),(412,'297',1,'MINT',NULL,'0x0000000000000000000000000000000000000000','0x610e84262A278e0aca36d32E08b822CC80FA5b85',1,0,'0x703c4ee64fba9f815fd95055d6eb6d86d1f6c1cd7a572befd73edbf753f3177d','2023-03-16 07:06:41',NULL),(413,'298',1,'MINT',NULL,'0x0000000000000000000000000000000000000000','0x610e84262A278e0aca36d32E08b822CC80FA5b85',1,0,'0x703c4ee64fba9f815fd95055d6eb6d86d1f6c1cd7a572befd73edbf753f3177d','2023-03-16 07:06:43',NULL),(414,'299',1,'MINT',NULL,'0x0000000000000000000000000000000000000000','0x610e84262A278e0aca36d32E08b822CC80FA5b85',1,0,'0x703c4ee64fba9f815fd95055d6eb6d86d1f6c1cd7a572befd73edbf753f3177d','2023-03-16 07:06:45',NULL),(415,'300',1,'MINT',NULL,'0x0000000000000000000000000000000000000000','0x610e84262A278e0aca36d32E08b822CC80FA5b85',1,0,'0x703c4ee64fba9f815fd95055d6eb6d86d1f6c1cd7a572befd73edbf753f3177d','2023-03-16 07:06:47',NULL),(416,'301',1,'MINT',NULL,'0x0000000000000000000000000000000000000000','0x610e84262A278e0aca36d32E08b822CC80FA5b85',1,0,'0x703c4ee64fba9f815fd95055d6eb6d86d1f6c1cd7a572befd73edbf753f3177d','2023-03-16 07:06:49',NULL),(417,'302',1,'MINT',NULL,'0x0000000000000000000000000000000000000000','0x610e84262A278e0aca36d32E08b822CC80FA5b85',1,0,'0x703c4ee64fba9f815fd95055d6eb6d86d1f6c1cd7a572befd73edbf753f3177d','2023-03-16 07:06:52',NULL),(418,'303',1,'MINT',NULL,'0x0000000000000000000000000000000000000000','0x610e84262A278e0aca36d32E08b822CC80FA5b85',1,0,'0x703c4ee64fba9f815fd95055d6eb6d86d1f6c1cd7a572befd73edbf753f3177d','2023-03-16 07:06:54',NULL),(419,'304',1,'MINT',NULL,'0x0000000000000000000000000000000000000000','0x610e84262A278e0aca36d32E08b822CC80FA5b85',1,0,'0x703c4ee64fba9f815fd95055d6eb6d86d1f6c1cd7a572befd73edbf753f3177d','2023-03-16 07:06:56',NULL),(420,'305',1,'MINT',NULL,'0x0000000000000000000000000000000000000000','0x610e84262A278e0aca36d32E08b822CC80FA5b85',1,0,'0x703c4ee64fba9f815fd95055d6eb6d86d1f6c1cd7a572befd73edbf753f3177d','2023-03-16 07:06:58',NULL),(421,'306',7,'MINT',NULL,'0x0000000000000000000000000000000000000000','0x610e84262A278e0aca36d32E08b822CC80FA5b85',1,0,'0xd9eb2c573950cca735acf95d0181109260ed5f94f224982fc7d88d086d473e33','2023-03-16 07:08:26',NULL),(422,'307',7,'MINT',NULL,'0x0000000000000000000000000000000000000000','0x610e84262A278e0aca36d32E08b822CC80FA5b85',1,0,'0xd9eb2c573950cca735acf95d0181109260ed5f94f224982fc7d88d086d473e33','2023-03-16 07:08:29',NULL),(423,'308',7,'MINT',NULL,'0x0000000000000000000000000000000000000000','0x610e84262A278e0aca36d32E08b822CC80FA5b85',1,0,'0xd9eb2c573950cca735acf95d0181109260ed5f94f224982fc7d88d086d473e33','2023-03-16 07:08:31',NULL),(424,'309',7,'MINT',NULL,'0x0000000000000000000000000000000000000000','0x610e84262A278e0aca36d32E08b822CC80FA5b85',1,0,'0xd9eb2c573950cca735acf95d0181109260ed5f94f224982fc7d88d086d473e33','2023-03-16 07:08:33',NULL),(425,'310',7,'MINT',NULL,'0x0000000000000000000000000000000000000000','0x610e84262A278e0aca36d32E08b822CC80FA5b85',1,0,'0xd9eb2c573950cca735acf95d0181109260ed5f94f224982fc7d88d086d473e33','2023-03-16 07:08:35',NULL),(426,'311',7,'MINT',NULL,'0x0000000000000000000000000000000000000000','0x610e84262A278e0aca36d32E08b822CC80FA5b85',1,0,'0xd9eb2c573950cca735acf95d0181109260ed5f94f224982fc7d88d086d473e33','2023-03-16 07:08:38',NULL),(427,'312',7,'MINT',NULL,'0x0000000000000000000000000000000000000000','0x610e84262A278e0aca36d32E08b822CC80FA5b85',1,0,'0xd9eb2c573950cca735acf95d0181109260ed5f94f224982fc7d88d086d473e33','2023-03-16 07:08:40',NULL),(428,'313',7,'MINT',NULL,'0x0000000000000000000000000000000000000000','0x610e84262A278e0aca36d32E08b822CC80FA5b85',1,0,'0xd9eb2c573950cca735acf95d0181109260ed5f94f224982fc7d88d086d473e33','2023-03-16 07:08:42',NULL),(429,'314',7,'MINT',NULL,'0x0000000000000000000000000000000000000000','0x610e84262A278e0aca36d32E08b822CC80FA5b85',1,0,'0xd9eb2c573950cca735acf95d0181109260ed5f94f224982fc7d88d086d473e33','2023-03-16 07:08:44',NULL),(430,'315',7,'MINT',NULL,'0x0000000000000000000000000000000000000000','0x610e84262A278e0aca36d32E08b822CC80FA5b85',1,0,'0xd9eb2c573950cca735acf95d0181109260ed5f94f224982fc7d88d086d473e33','2023-03-16 07:08:46',NULL),(431,'316',7,'MINT',NULL,'0x0000000000000000000000000000000000000000','0x610e84262A278e0aca36d32E08b822CC80FA5b85',1,0,'0xd9eb2c573950cca735acf95d0181109260ed5f94f224982fc7d88d086d473e33','2023-03-16 07:08:49',NULL),(432,'317',7,'MINT',NULL,'0x0000000000000000000000000000000000000000','0x610e84262A278e0aca36d32E08b822CC80FA5b85',1,0,'0xd9eb2c573950cca735acf95d0181109260ed5f94f224982fc7d88d086d473e33','2023-03-16 07:08:51',NULL),(433,'318',7,'MINT',NULL,'0x0000000000000000000000000000000000000000','0x610e84262A278e0aca36d32E08b822CC80FA5b85',1,0,'0xd9eb2c573950cca735acf95d0181109260ed5f94f224982fc7d88d086d473e33','2023-03-16 07:08:53',NULL),(434,'319',7,'MINT',NULL,'0x0000000000000000000000000000000000000000','0x610e84262A278e0aca36d32E08b822CC80FA5b85',1,0,'0xd9eb2c573950cca735acf95d0181109260ed5f94f224982fc7d88d086d473e33','2023-03-16 07:08:55',NULL),(435,'320',7,'MINT',NULL,'0x0000000000000000000000000000000000000000','0x610e84262A278e0aca36d32E08b822CC80FA5b85',1,0,'0xd9eb2c573950cca735acf95d0181109260ed5f94f224982fc7d88d086d473e33','2023-03-16 07:08:58',NULL),(436,'321',7,'MINT',NULL,'0x0000000000000000000000000000000000000000','0x610e84262A278e0aca36d32E08b822CC80FA5b85',1,0,'0xd9eb2c573950cca735acf95d0181109260ed5f94f224982fc7d88d086d473e33','2023-03-16 07:09:00',NULL),(437,'322',7,'MINT',NULL,'0x0000000000000000000000000000000000000000','0x610e84262A278e0aca36d32E08b822CC80FA5b85',1,0,'0xd9eb2c573950cca735acf95d0181109260ed5f94f224982fc7d88d086d473e33','2023-03-16 07:09:02',NULL),(438,'323',7,'MINT',NULL,'0x0000000000000000000000000000000000000000','0x610e84262A278e0aca36d32E08b822CC80FA5b85',1,0,'0xd9eb2c573950cca735acf95d0181109260ed5f94f224982fc7d88d086d473e33','2023-03-16 07:09:04',NULL),(439,'324',7,'MINT',NULL,'0x0000000000000000000000000000000000000000','0x610e84262A278e0aca36d32E08b822CC80FA5b85',1,0,'0xd9eb2c573950cca735acf95d0181109260ed5f94f224982fc7d88d086d473e33','2023-03-16 07:09:06',NULL),(440,'325',7,'MINT',NULL,'0x0000000000000000000000000000000000000000','0x610e84262A278e0aca36d32E08b822CC80FA5b85',1,0,'0xd9eb2c573950cca735acf95d0181109260ed5f94f224982fc7d88d086d473e33','2023-03-16 07:09:09',NULL),(441,'326',7,'MINT',NULL,'0x0000000000000000000000000000000000000000','0x610e84262A278e0aca36d32E08b822CC80FA5b85',1,0,'0xd9eb2c573950cca735acf95d0181109260ed5f94f224982fc7d88d086d473e33','2023-03-16 07:09:11',NULL),(442,'327',7,'MINT',NULL,'0x0000000000000000000000000000000000000000','0x610e84262A278e0aca36d32E08b822CC80FA5b85',1,0,'0xd9eb2c573950cca735acf95d0181109260ed5f94f224982fc7d88d086d473e33','2023-03-16 07:09:13',NULL),(443,'328',7,'MINT',NULL,'0x0000000000000000000000000000000000000000','0x610e84262A278e0aca36d32E08b822CC80FA5b85',1,0,'0xd9eb2c573950cca735acf95d0181109260ed5f94f224982fc7d88d086d473e33','2023-03-16 07:09:15',NULL),(444,'329',7,'MINT',NULL,'0x0000000000000000000000000000000000000000','0x610e84262A278e0aca36d32E08b822CC80FA5b85',1,0,'0xd9eb2c573950cca735acf95d0181109260ed5f94f224982fc7d88d086d473e33','2023-03-16 07:09:18',NULL),(445,'330',7,'MINT',NULL,'0x0000000000000000000000000000000000000000','0x610e84262A278e0aca36d32E08b822CC80FA5b85',1,0,'0xd9eb2c573950cca735acf95d0181109260ed5f94f224982fc7d88d086d473e33','2023-03-16 07:09:20',NULL),(446,'331',7,'MINT',NULL,'0x0000000000000000000000000000000000000000','0x610e84262A278e0aca36d32E08b822CC80FA5b85',1,0,'0xd9eb2c573950cca735acf95d0181109260ed5f94f224982fc7d88d086d473e33','2023-03-16 07:09:22',NULL),(447,'332',7,'MINT',NULL,'0x0000000000000000000000000000000000000000','0x610e84262A278e0aca36d32E08b822CC80FA5b85',1,0,'0xd9eb2c573950cca735acf95d0181109260ed5f94f224982fc7d88d086d473e33','2023-03-16 07:09:24',NULL),(448,'333',7,'MINT',NULL,'0x0000000000000000000000000000000000000000','0x610e84262A278e0aca36d32E08b822CC80FA5b85',1,0,'0xd9eb2c573950cca735acf95d0181109260ed5f94f224982fc7d88d086d473e33','2023-03-16 07:09:27',NULL),(449,'334',7,'MINT',NULL,'0x0000000000000000000000000000000000000000','0x610e84262A278e0aca36d32E08b822CC80FA5b85',1,0,'0xd9eb2c573950cca735acf95d0181109260ed5f94f224982fc7d88d086d473e33','2023-03-16 07:09:29',NULL),(450,'335',7,'MINT',NULL,'0x0000000000000000000000000000000000000000','0x610e84262A278e0aca36d32E08b822CC80FA5b85',1,0,'0xd9eb2c573950cca735acf95d0181109260ed5f94f224982fc7d88d086d473e33','2023-03-16 07:09:31',NULL),(451,'336',7,'MINT',NULL,'0x0000000000000000000000000000000000000000','0x610e84262A278e0aca36d32E08b822CC80FA5b85',1,0,'0xd9eb2c573950cca735acf95d0181109260ed5f94f224982fc7d88d086d473e33','2023-03-16 07:09:33',NULL),(452,'337',7,'MINT',NULL,'0x0000000000000000000000000000000000000000','0x610e84262A278e0aca36d32E08b822CC80FA5b85',1,0,'0xd9eb2c573950cca735acf95d0181109260ed5f94f224982fc7d88d086d473e33','2023-03-16 07:09:35',NULL),(453,'338',7,'MINT',NULL,'0x0000000000000000000000000000000000000000','0x610e84262A278e0aca36d32E08b822CC80FA5b85',1,0,'0xd9eb2c573950cca735acf95d0181109260ed5f94f224982fc7d88d086d473e33','2023-03-16 07:09:38',NULL),(454,'339',7,'MINT',NULL,'0x0000000000000000000000000000000000000000','0x610e84262A278e0aca36d32E08b822CC80FA5b85',1,0,'0xd9eb2c573950cca735acf95d0181109260ed5f94f224982fc7d88d086d473e33','2023-03-16 07:09:40',NULL),(455,'340',7,'MINT',NULL,'0x0000000000000000000000000000000000000000','0x610e84262A278e0aca36d32E08b822CC80FA5b85',1,0,'0xd9eb2c573950cca735acf95d0181109260ed5f94f224982fc7d88d086d473e33','2023-03-16 07:09:42',NULL),(456,'341',7,'MINT',NULL,'0x0000000000000000000000000000000000000000','0x610e84262A278e0aca36d32E08b822CC80FA5b85',1,0,'0xd9eb2c573950cca735acf95d0181109260ed5f94f224982fc7d88d086d473e33','2023-03-16 07:09:44',NULL),(457,'342',7,'MINT',NULL,'0x0000000000000000000000000000000000000000','0x610e84262A278e0aca36d32E08b822CC80FA5b85',1,0,'0xd9eb2c573950cca735acf95d0181109260ed5f94f224982fc7d88d086d473e33','2023-03-16 07:09:47',NULL),(458,'343',7,'MINT',NULL,'0x0000000000000000000000000000000000000000','0x610e84262A278e0aca36d32E08b822CC80FA5b85',1,0,'0xd9eb2c573950cca735acf95d0181109260ed5f94f224982fc7d88d086d473e33','2023-03-16 07:09:49',NULL),(459,'344',7,'MINT',NULL,'0x0000000000000000000000000000000000000000','0x610e84262A278e0aca36d32E08b822CC80FA5b85',1,0,'0xd9eb2c573950cca735acf95d0181109260ed5f94f224982fc7d88d086d473e33','2023-03-16 07:09:51',NULL),(460,'345',7,'MINT',NULL,'0x0000000000000000000000000000000000000000','0x610e84262A278e0aca36d32E08b822CC80FA5b85',1,0,'0xd9eb2c573950cca735acf95d0181109260ed5f94f224982fc7d88d086d473e33','2023-03-16 07:09:53',NULL),(461,'346',7,'MINT',NULL,'0x0000000000000000000000000000000000000000','0x610e84262A278e0aca36d32E08b822CC80FA5b85',1,0,'0xd9eb2c573950cca735acf95d0181109260ed5f94f224982fc7d88d086d473e33','2023-03-16 07:09:56',NULL),(462,'347',7,'MINT',NULL,'0x0000000000000000000000000000000000000000','0x610e84262A278e0aca36d32E08b822CC80FA5b85',1,0,'0xd9eb2c573950cca735acf95d0181109260ed5f94f224982fc7d88d086d473e33','2023-03-16 07:09:58',NULL),(463,'348',7,'MINT',NULL,'0x0000000000000000000000000000000000000000','0x610e84262A278e0aca36d32E08b822CC80FA5b85',1,0,'0xd9eb2c573950cca735acf95d0181109260ed5f94f224982fc7d88d086d473e33','2023-03-16 07:10:00',NULL),(464,'349',7,'MINT',NULL,'0x0000000000000000000000000000000000000000','0x610e84262A278e0aca36d32E08b822CC80FA5b85',1,0,'0xd9eb2c573950cca735acf95d0181109260ed5f94f224982fc7d88d086d473e33','2023-03-16 07:10:02',NULL),(465,'350',7,'MINT',NULL,'0x0000000000000000000000000000000000000000','0x610e84262A278e0aca36d32E08b822CC80FA5b85',1,0,'0xd9eb2c573950cca735acf95d0181109260ed5f94f224982fc7d88d086d473e33','2023-03-16 07:10:05',NULL),(466,'351',7,'MINT',NULL,'0x0000000000000000000000000000000000000000','0x610e84262A278e0aca36d32E08b822CC80FA5b85',1,0,'0xd9eb2c573950cca735acf95d0181109260ed5f94f224982fc7d88d086d473e33','2023-03-16 07:10:07',NULL),(467,'352',7,'MINT',NULL,'0x0000000000000000000000000000000000000000','0x610e84262A278e0aca36d32E08b822CC80FA5b85',1,0,'0xd9eb2c573950cca735acf95d0181109260ed5f94f224982fc7d88d086d473e33','2023-03-16 07:10:09',NULL),(468,'353',7,'MINT',NULL,'0x0000000000000000000000000000000000000000','0x610e84262A278e0aca36d32E08b822CC80FA5b85',1,0,'0xd9eb2c573950cca735acf95d0181109260ed5f94f224982fc7d88d086d473e33','2023-03-16 07:10:11',NULL),(469,'354',7,'MINT',NULL,'0x0000000000000000000000000000000000000000','0x610e84262A278e0aca36d32E08b822CC80FA5b85',1,0,'0xd9eb2c573950cca735acf95d0181109260ed5f94f224982fc7d88d086d473e33','2023-03-16 07:10:13',NULL),(470,'355',7,'MINT',NULL,'0x0000000000000000000000000000000000000000','0x610e84262A278e0aca36d32E08b822CC80FA5b85',1,0,'0xd9eb2c573950cca735acf95d0181109260ed5f94f224982fc7d88d086d473e33','2023-03-16 07:10:16',NULL),(471,'356',7,'MINT',NULL,'0x0000000000000000000000000000000000000000','0x610e84262A278e0aca36d32E08b822CC80FA5b85',1,0,'0xd9eb2c573950cca735acf95d0181109260ed5f94f224982fc7d88d086d473e33','2023-03-16 07:10:18',NULL),(472,'357',7,'MINT',NULL,'0x0000000000000000000000000000000000000000','0x610e84262A278e0aca36d32E08b822CC80FA5b85',1,0,'0xd9eb2c573950cca735acf95d0181109260ed5f94f224982fc7d88d086d473e33','2023-03-16 07:10:20',NULL),(473,'358',7,'MINT',NULL,'0x0000000000000000000000000000000000000000','0x610e84262A278e0aca36d32E08b822CC80FA5b85',1,0,'0xd9eb2c573950cca735acf95d0181109260ed5f94f224982fc7d88d086d473e33','2023-03-16 07:10:22',NULL),(474,'359',7,'MINT',NULL,'0x0000000000000000000000000000000000000000','0x610e84262A278e0aca36d32E08b822CC80FA5b85',1,0,'0xd9eb2c573950cca735acf95d0181109260ed5f94f224982fc7d88d086d473e33','2023-03-16 07:10:25',NULL),(475,'360',7,'MINT',NULL,'0x0000000000000000000000000000000000000000','0x610e84262A278e0aca36d32E08b822CC80FA5b85',1,0,'0xd9eb2c573950cca735acf95d0181109260ed5f94f224982fc7d88d086d473e33','2023-03-16 07:10:27',NULL),(476,'361',7,'MINT',NULL,'0x0000000000000000000000000000000000000000','0x610e84262A278e0aca36d32E08b822CC80FA5b85',1,0,'0xd9eb2c573950cca735acf95d0181109260ed5f94f224982fc7d88d086d473e33','2023-03-16 07:10:29',NULL),(477,'362',7,'MINT',NULL,'0x0000000000000000000000000000000000000000','0x610e84262A278e0aca36d32E08b822CC80FA5b85',1,0,'0xd9eb2c573950cca735acf95d0181109260ed5f94f224982fc7d88d086d473e33','2023-03-16 07:10:31',NULL),(478,'363',7,'MINT',NULL,'0x0000000000000000000000000000000000000000','0x610e84262A278e0aca36d32E08b822CC80FA5b85',1,0,'0xd9eb2c573950cca735acf95d0181109260ed5f94f224982fc7d88d086d473e33','2023-03-16 07:10:34',NULL),(479,'364',7,'MINT',NULL,'0x0000000000000000000000000000000000000000','0x610e84262A278e0aca36d32E08b822CC80FA5b85',1,0,'0xd9eb2c573950cca735acf95d0181109260ed5f94f224982fc7d88d086d473e33','2023-03-16 07:10:36',NULL),(480,'365',7,'MINT',NULL,'0x0000000000000000000000000000000000000000','0x610e84262A278e0aca36d32E08b822CC80FA5b85',1,0,'0xd9eb2c573950cca735acf95d0181109260ed5f94f224982fc7d88d086d473e33','2023-03-16 07:10:38',NULL),(481,'366',7,'MINT',NULL,'0x0000000000000000000000000000000000000000','0x610e84262A278e0aca36d32E08b822CC80FA5b85',1,0,'0xd9eb2c573950cca735acf95d0181109260ed5f94f224982fc7d88d086d473e33','2023-03-16 07:10:40',NULL),(482,'367',7,'MINT',NULL,'0x0000000000000000000000000000000000000000','0x610e84262A278e0aca36d32E08b822CC80FA5b85',1,0,'0xd9eb2c573950cca735acf95d0181109260ed5f94f224982fc7d88d086d473e33','2023-03-16 07:10:42',NULL),(483,'368',7,'MINT',NULL,'0x0000000000000000000000000000000000000000','0x610e84262A278e0aca36d32E08b822CC80FA5b85',1,0,'0xd9eb2c573950cca735acf95d0181109260ed5f94f224982fc7d88d086d473e33','2023-03-16 07:10:45',NULL),(484,'369',7,'MINT',NULL,'0x0000000000000000000000000000000000000000','0x610e84262A278e0aca36d32E08b822CC80FA5b85',1,0,'0xd9eb2c573950cca735acf95d0181109260ed5f94f224982fc7d88d086d473e33','2023-03-16 07:10:47',NULL),(485,'370',7,'MINT',NULL,'0x0000000000000000000000000000000000000000','0x610e84262A278e0aca36d32E08b822CC80FA5b85',1,0,'0xd9eb2c573950cca735acf95d0181109260ed5f94f224982fc7d88d086d473e33','2023-03-16 07:10:49',NULL),(486,'371',7,'MINT',NULL,'0x0000000000000000000000000000000000000000','0x610e84262A278e0aca36d32E08b822CC80FA5b85',1,0,'0xd9eb2c573950cca735acf95d0181109260ed5f94f224982fc7d88d086d473e33','2023-03-16 07:10:51',NULL),(487,'372',7,'MINT',NULL,'0x0000000000000000000000000000000000000000','0x610e84262A278e0aca36d32E08b822CC80FA5b85',1,0,'0xd9eb2c573950cca735acf95d0181109260ed5f94f224982fc7d88d086d473e33','2023-03-16 07:10:54',NULL),(488,'373',7,'MINT',NULL,'0x0000000000000000000000000000000000000000','0x610e84262A278e0aca36d32E08b822CC80FA5b85',1,0,'0xd9eb2c573950cca735acf95d0181109260ed5f94f224982fc7d88d086d473e33','2023-03-16 07:10:56',NULL),(489,'374',7,'MINT',NULL,'0x0000000000000000000000000000000000000000','0x610e84262A278e0aca36d32E08b822CC80FA5b85',1,0,'0xd9eb2c573950cca735acf95d0181109260ed5f94f224982fc7d88d086d473e33','2023-03-16 07:10:58',NULL),(490,'375',7,'MINT',NULL,'0x0000000000000000000000000000000000000000','0x610e84262A278e0aca36d32E08b822CC80FA5b85',1,0,'0xd9eb2c573950cca735acf95d0181109260ed5f94f224982fc7d88d086d473e33','2023-03-16 07:11:00',NULL),(491,'376',7,'MINT',NULL,'0x0000000000000000000000000000000000000000','0x610e84262A278e0aca36d32E08b822CC80FA5b85',1,0,'0xd9eb2c573950cca735acf95d0181109260ed5f94f224982fc7d88d086d473e33','2023-03-16 07:11:02',NULL),(492,'377',7,'MINT',NULL,'0x0000000000000000000000000000000000000000','0x610e84262A278e0aca36d32E08b822CC80FA5b85',1,0,'0xd9eb2c573950cca735acf95d0181109260ed5f94f224982fc7d88d086d473e33','2023-03-16 07:11:05',NULL),(493,'378',7,'MINT',NULL,'0x0000000000000000000000000000000000000000','0x610e84262A278e0aca36d32E08b822CC80FA5b85',1,0,'0xd9eb2c573950cca735acf95d0181109260ed5f94f224982fc7d88d086d473e33','2023-03-16 07:11:07',NULL),(494,'379',7,'MINT',NULL,'0x0000000000000000000000000000000000000000','0x610e84262A278e0aca36d32E08b822CC80FA5b85',1,0,'0xd9eb2c573950cca735acf95d0181109260ed5f94f224982fc7d88d086d473e33','2023-03-16 07:11:09',NULL),(495,'380',7,'MINT',NULL,'0x0000000000000000000000000000000000000000','0x610e84262A278e0aca36d32E08b822CC80FA5b85',1,0,'0xd9eb2c573950cca735acf95d0181109260ed5f94f224982fc7d88d086d473e33','2023-03-16 07:11:11',NULL),(496,'381',7,'MINT',NULL,'0x0000000000000000000000000000000000000000','0x610e84262A278e0aca36d32E08b822CC80FA5b85',1,0,'0xd9eb2c573950cca735acf95d0181109260ed5f94f224982fc7d88d086d473e33','2023-03-16 07:11:14',NULL),(497,'382',7,'MINT',NULL,'0x0000000000000000000000000000000000000000','0x610e84262A278e0aca36d32E08b822CC80FA5b85',1,0,'0xd9eb2c573950cca735acf95d0181109260ed5f94f224982fc7d88d086d473e33','2023-03-16 07:11:16',NULL),(498,'383',7,'MINT',NULL,'0x0000000000000000000000000000000000000000','0x610e84262A278e0aca36d32E08b822CC80FA5b85',1,0,'0xd9eb2c573950cca735acf95d0181109260ed5f94f224982fc7d88d086d473e33','2023-03-16 07:11:18',NULL),(499,'384',7,'MINT',NULL,'0x0000000000000000000000000000000000000000','0x610e84262A278e0aca36d32E08b822CC80FA5b85',1,0,'0xd9eb2c573950cca735acf95d0181109260ed5f94f224982fc7d88d086d473e33','2023-03-16 07:11:20',NULL),(500,'385',7,'MINT',NULL,'0x0000000000000000000000000000000000000000','0x610e84262A278e0aca36d32E08b822CC80FA5b85',1,0,'0xd9eb2c573950cca735acf95d0181109260ed5f94f224982fc7d88d086d473e33','2023-03-16 07:11:23',NULL),(501,'386',7,'MINT',NULL,'0x0000000000000000000000000000000000000000','0x610e84262A278e0aca36d32E08b822CC80FA5b85',1,0,'0xd9eb2c573950cca735acf95d0181109260ed5f94f224982fc7d88d086d473e33','2023-03-16 07:11:25',NULL),(502,'387',7,'MINT',NULL,'0x0000000000000000000000000000000000000000','0x610e84262A278e0aca36d32E08b822CC80FA5b85',1,0,'0xd9eb2c573950cca735acf95d0181109260ed5f94f224982fc7d88d086d473e33','2023-03-16 07:11:27',NULL),(503,'388',7,'MINT',NULL,'0x0000000000000000000000000000000000000000','0x610e84262A278e0aca36d32E08b822CC80FA5b85',1,0,'0xd9eb2c573950cca735acf95d0181109260ed5f94f224982fc7d88d086d473e33','2023-03-16 07:11:29',NULL),(504,'389',7,'MINT',NULL,'0x0000000000000000000000000000000000000000','0x610e84262A278e0aca36d32E08b822CC80FA5b85',1,0,'0xd9eb2c573950cca735acf95d0181109260ed5f94f224982fc7d88d086d473e33','2023-03-16 07:11:31',NULL),(505,'390',7,'MINT',NULL,'0x0000000000000000000000000000000000000000','0x610e84262A278e0aca36d32E08b822CC80FA5b85',1,0,'0xd9eb2c573950cca735acf95d0181109260ed5f94f224982fc7d88d086d473e33','2023-03-16 07:11:34',NULL),(506,'391',7,'MINT',NULL,'0x0000000000000000000000000000000000000000','0x610e84262A278e0aca36d32E08b822CC80FA5b85',1,0,'0xd9eb2c573950cca735acf95d0181109260ed5f94f224982fc7d88d086d473e33','2023-03-16 07:11:36',NULL),(507,'392',7,'MINT',NULL,'0x0000000000000000000000000000000000000000','0x610e84262A278e0aca36d32E08b822CC80FA5b85',1,0,'0xd9eb2c573950cca735acf95d0181109260ed5f94f224982fc7d88d086d473e33','2023-03-16 07:11:38',NULL),(508,'393',7,'MINT',NULL,'0x0000000000000000000000000000000000000000','0x610e84262A278e0aca36d32E08b822CC80FA5b85',1,0,'0xd9eb2c573950cca735acf95d0181109260ed5f94f224982fc7d88d086d473e33','2023-03-16 07:11:40',NULL),(509,'394',7,'MINT',NULL,'0x0000000000000000000000000000000000000000','0x610e84262A278e0aca36d32E08b822CC80FA5b85',1,0,'0xd9eb2c573950cca735acf95d0181109260ed5f94f224982fc7d88d086d473e33','2023-03-16 07:11:43',NULL),(510,'395',7,'MINT',NULL,'0x0000000000000000000000000000000000000000','0x610e84262A278e0aca36d32E08b822CC80FA5b85',1,0,'0xd9eb2c573950cca735acf95d0181109260ed5f94f224982fc7d88d086d473e33','2023-03-16 07:11:45',NULL),(511,'396',7,'MINT',NULL,'0x0000000000000000000000000000000000000000','0x610e84262A278e0aca36d32E08b822CC80FA5b85',1,0,'0xd9eb2c573950cca735acf95d0181109260ed5f94f224982fc7d88d086d473e33','2023-03-16 07:11:47',NULL),(512,'397',7,'MINT',NULL,'0x0000000000000000000000000000000000000000','0x610e84262A278e0aca36d32E08b822CC80FA5b85',1,0,'0xd9eb2c573950cca735acf95d0181109260ed5f94f224982fc7d88d086d473e33','2023-03-16 07:11:49',NULL),(513,'398',7,'MINT',NULL,'0x0000000000000000000000000000000000000000','0x610e84262A278e0aca36d32E08b822CC80FA5b85',1,0,'0xd9eb2c573950cca735acf95d0181109260ed5f94f224982fc7d88d086d473e33','2023-03-16 07:11:51',NULL),(514,'399',7,'MINT',NULL,'0x0000000000000000000000000000000000000000','0x610e84262A278e0aca36d32E08b822CC80FA5b85',1,0,'0xd9eb2c573950cca735acf95d0181109260ed5f94f224982fc7d88d086d473e33','2023-03-16 07:11:54',NULL),(515,'400',7,'MINT',NULL,'0x0000000000000000000000000000000000000000','0x610e84262A278e0aca36d32E08b822CC80FA5b85',1,0,'0xd9eb2c573950cca735acf95d0181109260ed5f94f224982fc7d88d086d473e33','2023-03-16 07:11:56',NULL),(516,'401',7,'MINT',NULL,'0x0000000000000000000000000000000000000000','0x610e84262A278e0aca36d32E08b822CC80FA5b85',1,0,'0xd9eb2c573950cca735acf95d0181109260ed5f94f224982fc7d88d086d473e33','2023-03-16 07:11:58',NULL),(517,'402',7,'MINT',NULL,'0x0000000000000000000000000000000000000000','0x610e84262A278e0aca36d32E08b822CC80FA5b85',1,0,'0xd9eb2c573950cca735acf95d0181109260ed5f94f224982fc7d88d086d473e33','2023-03-16 07:12:00',NULL),(518,'403',7,'MINT',NULL,'0x0000000000000000000000000000000000000000','0x610e84262A278e0aca36d32E08b822CC80FA5b85',1,0,'0xd9eb2c573950cca735acf95d0181109260ed5f94f224982fc7d88d086d473e33','2023-03-16 07:12:03',NULL),(519,'404',7,'MINT',NULL,'0x0000000000000000000000000000000000000000','0x610e84262A278e0aca36d32E08b822CC80FA5b85',1,0,'0xd9eb2c573950cca735acf95d0181109260ed5f94f224982fc7d88d086d473e33','2023-03-16 07:12:05',NULL),(520,'405',7,'MINT',NULL,'0x0000000000000000000000000000000000000000','0x610e84262A278e0aca36d32E08b822CC80FA5b85',1,0,'0xd9eb2c573950cca735acf95d0181109260ed5f94f224982fc7d88d086d473e33','2023-03-16 07:12:07',NULL),(521,'406',7,'MINT',NULL,'0x0000000000000000000000000000000000000000','0x610e84262A278e0aca36d32E08b822CC80FA5b85',1,0,'0xd9eb2c573950cca735acf95d0181109260ed5f94f224982fc7d88d086d473e33','2023-03-16 07:12:09',NULL),(522,'407',7,'MINT',NULL,'0x0000000000000000000000000000000000000000','0x610e84262A278e0aca36d32E08b822CC80FA5b85',1,0,'0xd9eb2c573950cca735acf95d0181109260ed5f94f224982fc7d88d086d473e33','2023-03-16 07:12:12',NULL),(523,'408',7,'MINT',NULL,'0x0000000000000000000000000000000000000000','0x610e84262A278e0aca36d32E08b822CC80FA5b85',1,0,'0xd9eb2c573950cca735acf95d0181109260ed5f94f224982fc7d88d086d473e33','2023-03-16 07:12:14',NULL),(524,'409',7,'MINT',NULL,'0x0000000000000000000000000000000000000000','0x610e84262A278e0aca36d32E08b822CC80FA5b85',1,0,'0xd9eb2c573950cca735acf95d0181109260ed5f94f224982fc7d88d086d473e33','2023-03-16 07:12:16',NULL),(525,'410',7,'MINT',NULL,'0x0000000000000000000000000000000000000000','0x610e84262A278e0aca36d32E08b822CC80FA5b85',1,0,'0xd9eb2c573950cca735acf95d0181109260ed5f94f224982fc7d88d086d473e33','2023-03-16 07:12:18',NULL),(526,'411',7,'MINT',NULL,'0x0000000000000000000000000000000000000000','0x610e84262A278e0aca36d32E08b822CC80FA5b85',1,0,'0xd9eb2c573950cca735acf95d0181109260ed5f94f224982fc7d88d086d473e33','2023-03-16 07:12:21',NULL),(527,'412',7,'MINT',NULL,'0x0000000000000000000000000000000000000000','0x610e84262A278e0aca36d32E08b822CC80FA5b85',1,0,'0xd9eb2c573950cca735acf95d0181109260ed5f94f224982fc7d88d086d473e33','2023-03-16 07:12:23',NULL),(528,'413',7,'MINT',NULL,'0x0000000000000000000000000000000000000000','0x610e84262A278e0aca36d32E08b822CC80FA5b85',1,0,'0xd9eb2c573950cca735acf95d0181109260ed5f94f224982fc7d88d086d473e33','2023-03-16 07:12:25',NULL),(529,'414',7,'MINT',NULL,'0x0000000000000000000000000000000000000000','0x610e84262A278e0aca36d32E08b822CC80FA5b85',1,0,'0xd9eb2c573950cca735acf95d0181109260ed5f94f224982fc7d88d086d473e33','2023-03-16 07:12:27',NULL),(530,'415',7,'MINT',NULL,'0x0000000000000000000000000000000000000000','0x610e84262A278e0aca36d32E08b822CC80FA5b85',1,0,'0xd9eb2c573950cca735acf95d0181109260ed5f94f224982fc7d88d086d473e33','2023-03-16 07:12:30',NULL),(531,'416',7,'MINT',NULL,'0x0000000000000000000000000000000000000000','0x610e84262A278e0aca36d32E08b822CC80FA5b85',1,0,'0xd9eb2c573950cca735acf95d0181109260ed5f94f224982fc7d88d086d473e33','2023-03-16 07:12:32',NULL),(532,'417',7,'MINT',NULL,'0x0000000000000000000000000000000000000000','0x610e84262A278e0aca36d32E08b822CC80FA5b85',1,0,'0xd9eb2c573950cca735acf95d0181109260ed5f94f224982fc7d88d086d473e33','2023-03-16 07:12:34',NULL),(533,'418',7,'MINT',NULL,'0x0000000000000000000000000000000000000000','0x610e84262A278e0aca36d32E08b822CC80FA5b85',1,0,'0xd9eb2c573950cca735acf95d0181109260ed5f94f224982fc7d88d086d473e33','2023-03-16 07:12:36',NULL),(534,'419',7,'MINT',NULL,'0x0000000000000000000000000000000000000000','0x610e84262A278e0aca36d32E08b822CC80FA5b85',1,0,'0xd9eb2c573950cca735acf95d0181109260ed5f94f224982fc7d88d086d473e33','2023-03-16 07:12:39',NULL),(535,'420',7,'MINT',NULL,'0x0000000000000000000000000000000000000000','0x610e84262A278e0aca36d32E08b822CC80FA5b85',1,0,'0xd9eb2c573950cca735acf95d0181109260ed5f94f224982fc7d88d086d473e33','2023-03-16 07:12:41',NULL),(536,'421',7,'MINT',NULL,'0x0000000000000000000000000000000000000000','0x610e84262A278e0aca36d32E08b822CC80FA5b85',1,0,'0xd9eb2c573950cca735acf95d0181109260ed5f94f224982fc7d88d086d473e33','2023-03-16 07:12:43',NULL),(537,'422',7,'MINT',NULL,'0x0000000000000000000000000000000000000000','0x610e84262A278e0aca36d32E08b822CC80FA5b85',1,0,'0xd9eb2c573950cca735acf95d0181109260ed5f94f224982fc7d88d086d473e33','2023-03-16 07:12:45',NULL),(538,'423',7,'MINT',NULL,'0x0000000000000000000000000000000000000000','0x610e84262A278e0aca36d32E08b822CC80FA5b85',1,0,'0xd9eb2c573950cca735acf95d0181109260ed5f94f224982fc7d88d086d473e33','2023-03-16 07:12:47',NULL),(539,'424',7,'MINT',NULL,'0x0000000000000000000000000000000000000000','0x610e84262A278e0aca36d32E08b822CC80FA5b85',1,0,'0xd9eb2c573950cca735acf95d0181109260ed5f94f224982fc7d88d086d473e33','2023-03-16 07:12:50',NULL),(540,'425',7,'MINT',NULL,'0x0000000000000000000000000000000000000000','0x610e84262A278e0aca36d32E08b822CC80FA5b85',1,0,'0xd9eb2c573950cca735acf95d0181109260ed5f94f224982fc7d88d086d473e33','2023-03-16 07:12:52',NULL),(541,'426',7,'MINT',NULL,'0x0000000000000000000000000000000000000000','0x610e84262A278e0aca36d32E08b822CC80FA5b85',1,0,'0x2a78c7988b268c4e14c532d08834b850b581a7a4e2ffdc76a2b283e38084f4e0','2023-03-16 07:12:54',NULL),(542,'427',7,'MINT',NULL,'0x0000000000000000000000000000000000000000','0x610e84262A278e0aca36d32E08b822CC80FA5b85',1,0,'0x2a78c7988b268c4e14c532d08834b850b581a7a4e2ffdc76a2b283e38084f4e0','2023-03-16 07:12:56',NULL),(543,'428',7,'MINT',NULL,'0x0000000000000000000000000000000000000000','0x610e84262A278e0aca36d32E08b822CC80FA5b85',1,0,'0x2a78c7988b268c4e14c532d08834b850b581a7a4e2ffdc76a2b283e38084f4e0','2023-03-16 07:12:59',NULL),(544,'429',7,'MINT',NULL,'0x0000000000000000000000000000000000000000','0x610e84262A278e0aca36d32E08b822CC80FA5b85',1,0,'0x2a78c7988b268c4e14c532d08834b850b581a7a4e2ffdc76a2b283e38084f4e0','2023-03-16 07:13:01',NULL),(545,'430',7,'MINT',NULL,'0x0000000000000000000000000000000000000000','0x610e84262A278e0aca36d32E08b822CC80FA5b85',1,0,'0x2a78c7988b268c4e14c532d08834b850b581a7a4e2ffdc76a2b283e38084f4e0','2023-03-16 07:13:03',NULL),(546,'431',7,'MINT',NULL,'0x0000000000000000000000000000000000000000','0x610e84262A278e0aca36d32E08b822CC80FA5b85',1,0,'0x2a78c7988b268c4e14c532d08834b850b581a7a4e2ffdc76a2b283e38084f4e0','2023-03-16 07:13:05',NULL),(547,'432',7,'MINT',NULL,'0x0000000000000000000000000000000000000000','0x610e84262A278e0aca36d32E08b822CC80FA5b85',1,0,'0x2a78c7988b268c4e14c532d08834b850b581a7a4e2ffdc76a2b283e38084f4e0','2023-03-16 07:13:08',NULL),(548,'433',7,'MINT',NULL,'0x0000000000000000000000000000000000000000','0x610e84262A278e0aca36d32E08b822CC80FA5b85',1,0,'0x2a78c7988b268c4e14c532d08834b850b581a7a4e2ffdc76a2b283e38084f4e0','2023-03-16 07:13:10',NULL),(549,'434',7,'MINT',NULL,'0x0000000000000000000000000000000000000000','0x610e84262A278e0aca36d32E08b822CC80FA5b85',1,0,'0x2a78c7988b268c4e14c532d08834b850b581a7a4e2ffdc76a2b283e38084f4e0','2023-03-16 07:13:12',NULL),(550,'435',7,'MINT',NULL,'0x0000000000000000000000000000000000000000','0x610e84262A278e0aca36d32E08b822CC80FA5b85',1,0,'0x2a78c7988b268c4e14c532d08834b850b581a7a4e2ffdc76a2b283e38084f4e0','2023-03-16 07:13:14',NULL),(551,'436',7,'MINT',NULL,'0x0000000000000000000000000000000000000000','0x610e84262A278e0aca36d32E08b822CC80FA5b85',1,0,'0x2a78c7988b268c4e14c532d08834b850b581a7a4e2ffdc76a2b283e38084f4e0','2023-03-16 07:13:17',NULL),(552,'437',7,'MINT',NULL,'0x0000000000000000000000000000000000000000','0x610e84262A278e0aca36d32E08b822CC80FA5b85',1,0,'0x2a78c7988b268c4e14c532d08834b850b581a7a4e2ffdc76a2b283e38084f4e0','2023-03-16 07:13:19',NULL),(553,'438',7,'MINT',NULL,'0x0000000000000000000000000000000000000000','0x610e84262A278e0aca36d32E08b822CC80FA5b85',1,0,'0x2a78c7988b268c4e14c532d08834b850b581a7a4e2ffdc76a2b283e38084f4e0','2023-03-16 07:13:21',NULL),(554,'439',7,'MINT',NULL,'0x0000000000000000000000000000000000000000','0x610e84262A278e0aca36d32E08b822CC80FA5b85',1,0,'0x2a78c7988b268c4e14c532d08834b850b581a7a4e2ffdc76a2b283e38084f4e0','2023-03-16 07:13:23',NULL),(555,'440',7,'MINT',NULL,'0x0000000000000000000000000000000000000000','0x610e84262A278e0aca36d32E08b822CC80FA5b85',1,0,'0x2a78c7988b268c4e14c532d08834b850b581a7a4e2ffdc76a2b283e38084f4e0','2023-03-16 07:13:26',NULL),(556,'441',7,'MINT',NULL,'0x0000000000000000000000000000000000000000','0x610e84262A278e0aca36d32E08b822CC80FA5b85',1,0,'0x2a78c7988b268c4e14c532d08834b850b581a7a4e2ffdc76a2b283e38084f4e0','2023-03-16 07:13:28',NULL),(557,'442',7,'MINT',NULL,'0x0000000000000000000000000000000000000000','0x610e84262A278e0aca36d32E08b822CC80FA5b85',1,0,'0x2a78c7988b268c4e14c532d08834b850b581a7a4e2ffdc76a2b283e38084f4e0','2023-03-16 07:13:30',NULL),(558,'443',7,'MINT',NULL,'0x0000000000000000000000000000000000000000','0x610e84262A278e0aca36d32E08b822CC80FA5b85',1,0,'0x2a78c7988b268c4e14c532d08834b850b581a7a4e2ffdc76a2b283e38084f4e0','2023-03-16 07:13:32',NULL),(559,'444',7,'MINT',NULL,'0x0000000000000000000000000000000000000000','0x610e84262A278e0aca36d32E08b822CC80FA5b85',1,0,'0x2a78c7988b268c4e14c532d08834b850b581a7a4e2ffdc76a2b283e38084f4e0','2023-03-16 07:13:34',NULL),(560,'445',7,'MINT',NULL,'0x0000000000000000000000000000000000000000','0x610e84262A278e0aca36d32E08b822CC80FA5b85',1,0,'0x2a78c7988b268c4e14c532d08834b850b581a7a4e2ffdc76a2b283e38084f4e0','2023-03-16 07:13:37',NULL),(561,'446',7,'MINT',NULL,'0x0000000000000000000000000000000000000000','0x610e84262A278e0aca36d32E08b822CC80FA5b85',1,0,'0x2a78c7988b268c4e14c532d08834b850b581a7a4e2ffdc76a2b283e38084f4e0','2023-03-16 07:13:39',NULL),(562,'447',7,'MINT',NULL,'0x0000000000000000000000000000000000000000','0x610e84262A278e0aca36d32E08b822CC80FA5b85',1,0,'0x2a78c7988b268c4e14c532d08834b850b581a7a4e2ffdc76a2b283e38084f4e0','2023-03-16 07:13:41',NULL),(563,'448',7,'MINT',NULL,'0x0000000000000000000000000000000000000000','0x610e84262A278e0aca36d32E08b822CC80FA5b85',1,0,'0x2a78c7988b268c4e14c532d08834b850b581a7a4e2ffdc76a2b283e38084f4e0','2023-03-16 07:13:43',NULL),(564,'449',7,'MINT',NULL,'0x0000000000000000000000000000000000000000','0x610e84262A278e0aca36d32E08b822CC80FA5b85',1,0,'0x2a78c7988b268c4e14c532d08834b850b581a7a4e2ffdc76a2b283e38084f4e0','2023-03-16 07:13:46',NULL),(565,'450',7,'MINT',NULL,'0x0000000000000000000000000000000000000000','0x610e84262A278e0aca36d32E08b822CC80FA5b85',1,0,'0x2a78c7988b268c4e14c532d08834b850b581a7a4e2ffdc76a2b283e38084f4e0','2023-03-16 07:13:48',NULL),(566,'451',7,'MINT',NULL,'0x0000000000000000000000000000000000000000','0x610e84262A278e0aca36d32E08b822CC80FA5b85',1,0,'0x2a78c7988b268c4e14c532d08834b850b581a7a4e2ffdc76a2b283e38084f4e0','2023-03-16 07:13:50',NULL),(567,'452',7,'MINT',NULL,'0x0000000000000000000000000000000000000000','0x610e84262A278e0aca36d32E08b822CC80FA5b85',1,0,'0x2a78c7988b268c4e14c532d08834b850b581a7a4e2ffdc76a2b283e38084f4e0','2023-03-16 07:13:52',NULL),(568,'453',7,'MINT',NULL,'0x0000000000000000000000000000000000000000','0x610e84262A278e0aca36d32E08b822CC80FA5b85',1,0,'0x2a78c7988b268c4e14c532d08834b850b581a7a4e2ffdc76a2b283e38084f4e0','2023-03-16 07:13:54',NULL),(569,'454',7,'MINT',NULL,'0x0000000000000000000000000000000000000000','0x610e84262A278e0aca36d32E08b822CC80FA5b85',1,0,'0x2a78c7988b268c4e14c532d08834b850b581a7a4e2ffdc76a2b283e38084f4e0','2023-03-16 07:13:57',NULL),(570,'455',7,'MINT',NULL,'0x0000000000000000000000000000000000000000','0x610e84262A278e0aca36d32E08b822CC80FA5b85',1,0,'0x2a78c7988b268c4e14c532d08834b850b581a7a4e2ffdc76a2b283e38084f4e0','2023-03-16 07:13:59',NULL),(571,'456',7,'MINT',NULL,'0x0000000000000000000000000000000000000000','0x610e84262A278e0aca36d32E08b822CC80FA5b85',1,0,'0x2a78c7988b268c4e14c532d08834b850b581a7a4e2ffdc76a2b283e38084f4e0','2023-03-16 07:14:01',NULL),(572,'457',7,'MINT',NULL,'0x0000000000000000000000000000000000000000','0x610e84262A278e0aca36d32E08b822CC80FA5b85',1,0,'0x2a78c7988b268c4e14c532d08834b850b581a7a4e2ffdc76a2b283e38084f4e0','2023-03-16 07:14:03',NULL),(573,'458',7,'MINT',NULL,'0x0000000000000000000000000000000000000000','0x610e84262A278e0aca36d32E08b822CC80FA5b85',1,0,'0x2a78c7988b268c4e14c532d08834b850b581a7a4e2ffdc76a2b283e38084f4e0','2023-03-16 07:14:06',NULL),(574,'459',7,'MINT',NULL,'0x0000000000000000000000000000000000000000','0x610e84262A278e0aca36d32E08b822CC80FA5b85',1,0,'0x2a78c7988b268c4e14c532d08834b850b581a7a4e2ffdc76a2b283e38084f4e0','2023-03-16 07:14:08',NULL),(575,'460',7,'MINT',NULL,'0x0000000000000000000000000000000000000000','0x610e84262A278e0aca36d32E08b822CC80FA5b85',1,0,'0x2a78c7988b268c4e14c532d08834b850b581a7a4e2ffdc76a2b283e38084f4e0','2023-03-16 07:14:10',NULL),(576,'461',7,'MINT',NULL,'0x0000000000000000000000000000000000000000','0x610e84262A278e0aca36d32E08b822CC80FA5b85',1,0,'0x2a78c7988b268c4e14c532d08834b850b581a7a4e2ffdc76a2b283e38084f4e0','2023-03-16 07:14:12',NULL),(577,'462',7,'MINT',NULL,'0x0000000000000000000000000000000000000000','0x610e84262A278e0aca36d32E08b822CC80FA5b85',1,0,'0x2a78c7988b268c4e14c532d08834b850b581a7a4e2ffdc76a2b283e38084f4e0','2023-03-16 07:14:15',NULL),(578,'463',7,'MINT',NULL,'0x0000000000000000000000000000000000000000','0x610e84262A278e0aca36d32E08b822CC80FA5b85',1,0,'0x2a78c7988b268c4e14c532d08834b850b581a7a4e2ffdc76a2b283e38084f4e0','2023-03-16 07:14:17',NULL),(579,'464',7,'MINT',NULL,'0x0000000000000000000000000000000000000000','0x610e84262A278e0aca36d32E08b822CC80FA5b85',1,0,'0x2a78c7988b268c4e14c532d08834b850b581a7a4e2ffdc76a2b283e38084f4e0','2023-03-16 07:14:19',NULL),(580,'465',7,'MINT',NULL,'0x0000000000000000000000000000000000000000','0x610e84262A278e0aca36d32E08b822CC80FA5b85',1,0,'0x2a78c7988b268c4e14c532d08834b850b581a7a4e2ffdc76a2b283e38084f4e0','2023-03-16 07:14:21',NULL),(581,'466',7,'MINT',NULL,'0x0000000000000000000000000000000000000000','0x610e84262A278e0aca36d32E08b822CC80FA5b85',1,0,'0x2a78c7988b268c4e14c532d08834b850b581a7a4e2ffdc76a2b283e38084f4e0','2023-03-16 07:14:24',NULL),(582,'467',7,'MINT',NULL,'0x0000000000000000000000000000000000000000','0x610e84262A278e0aca36d32E08b822CC80FA5b85',1,0,'0x2a78c7988b268c4e14c532d08834b850b581a7a4e2ffdc76a2b283e38084f4e0','2023-03-16 07:14:26',NULL),(583,'468',7,'MINT',NULL,'0x0000000000000000000000000000000000000000','0x610e84262A278e0aca36d32E08b822CC80FA5b85',1,0,'0x2a78c7988b268c4e14c532d08834b850b581a7a4e2ffdc76a2b283e38084f4e0','2023-03-16 07:14:28',NULL),(584,'469',7,'MINT',NULL,'0x0000000000000000000000000000000000000000','0x610e84262A278e0aca36d32E08b822CC80FA5b85',1,0,'0x2a78c7988b268c4e14c532d08834b850b581a7a4e2ffdc76a2b283e38084f4e0','2023-03-16 07:14:30',NULL),(585,'470',7,'MINT',NULL,'0x0000000000000000000000000000000000000000','0x610e84262A278e0aca36d32E08b822CC80FA5b85',1,0,'0x2a78c7988b268c4e14c532d08834b850b581a7a4e2ffdc76a2b283e38084f4e0','2023-03-16 07:14:33',NULL),(586,'471',7,'MINT',NULL,'0x0000000000000000000000000000000000000000','0x610e84262A278e0aca36d32E08b822CC80FA5b85',1,0,'0x2a78c7988b268c4e14c532d08834b850b581a7a4e2ffdc76a2b283e38084f4e0','2023-03-16 07:14:35',NULL),(587,'472',7,'MINT',NULL,'0x0000000000000000000000000000000000000000','0x610e84262A278e0aca36d32E08b822CC80FA5b85',1,0,'0x2a78c7988b268c4e14c532d08834b850b581a7a4e2ffdc76a2b283e38084f4e0','2023-03-16 07:14:37',NULL),(588,'473',7,'MINT',NULL,'0x0000000000000000000000000000000000000000','0x610e84262A278e0aca36d32E08b822CC80FA5b85',1,0,'0x2a78c7988b268c4e14c532d08834b850b581a7a4e2ffdc76a2b283e38084f4e0','2023-03-16 07:14:39',NULL),(589,'474',7,'MINT',NULL,'0x0000000000000000000000000000000000000000','0x610e84262A278e0aca36d32E08b822CC80FA5b85',1,0,'0x2a78c7988b268c4e14c532d08834b850b581a7a4e2ffdc76a2b283e38084f4e0','2023-03-16 07:14:42',NULL),(590,'475',7,'MINT',NULL,'0x0000000000000000000000000000000000000000','0x610e84262A278e0aca36d32E08b822CC80FA5b85',1,0,'0x2a78c7988b268c4e14c532d08834b850b581a7a4e2ffdc76a2b283e38084f4e0','2023-03-16 07:14:44',NULL),(591,'306',7,'TRANSFER',NULL,'0x610e84262A278e0aca36d32E08b822CC80FA5b85','0xeDc6f325639eEc7186E1Ddd702BFd6cCbe58c22B',1,0,'0x88e471e2874d403be7bb342b1fb405e08cca88adbbc213b51152e3be590604bc','2023-03-16 07:19:37',NULL),(592,'307',7,'TRANSFER',NULL,'0x610e84262A278e0aca36d32E08b822CC80FA5b85','0xeDc6f325639eEc7186E1Ddd702BFd6cCbe58c22B',1,0,'0x5369e46f0e67a580245dd8dafec6a938a9bde15b400e0c3702484a14792aaa7c','2023-03-16 07:19:37',NULL),(593,'308',7,'TRANSFER',NULL,'0x610e84262A278e0aca36d32E08b822CC80FA5b85','0xeDc6f325639eEc7186E1Ddd702BFd6cCbe58c22B',1,0,'0xc46fcdc2b774cc604691dd93a8236cce957d3dd725ea18c17e0fe15b3282f2a6','2023-03-16 07:19:37',NULL),(594,'309',7,'TRANSFER',NULL,'0x610e84262A278e0aca36d32E08b822CC80FA5b85','0xeDc6f325639eEc7186E1Ddd702BFd6cCbe58c22B',1,0,'0xedf9e315e04d27281e8c94fcb13e782dca1e9f8eab15d884e08f5d0d7c125a30','2023-03-16 07:19:37',NULL),(595,'310',7,'TRANSFER',NULL,'0x610e84262A278e0aca36d32E08b822CC80FA5b85','0xeDc6f325639eEc7186E1Ddd702BFd6cCbe58c22B',1,0,'0x91dc258268ce6e66062c702fece91cb7a0d98a54433706a6d184be002de86f01','2023-03-16 07:19:37',NULL),(596,'311',7,'TRANSFER',NULL,'0x610e84262A278e0aca36d32E08b822CC80FA5b85','0xeDc6f325639eEc7186E1Ddd702BFd6cCbe58c22B',1,0,'0xa99f56690a2173a33c02fc3236b789c265d28149428affbbe1fe8f21785e8f71','2023-03-16 07:19:37',NULL),(597,'312',7,'TRANSFER',NULL,'0x610e84262A278e0aca36d32E08b822CC80FA5b85','0xeDc6f325639eEc7186E1Ddd702BFd6cCbe58c22B',1,0,'0x528992f876467f7a43dc85aac28094c1927c15ab3e5daed237e9cd7447bbee58','2023-03-16 07:19:37',NULL),(598,'313',7,'TRANSFER',NULL,'0x610e84262A278e0aca36d32E08b822CC80FA5b85','0xeDc6f325639eEc7186E1Ddd702BFd6cCbe58c22B',1,0,'0x24ac9ae4e3b20dcb534c7154f37dd35b94c41a031020f69e3133b06b797ab237','2023-03-16 07:19:37',NULL),(599,'314',7,'TRANSFER',NULL,'0x610e84262A278e0aca36d32E08b822CC80FA5b85','0xeDc6f325639eEc7186E1Ddd702BFd6cCbe58c22B',1,0,'0x58d80e709b9cf12e9ab4ae127eddbf4b31332c26fc907f6cccc923f5d9cf951d','2023-03-16 07:19:37',NULL),(600,'315',7,'TRANSFER',NULL,'0x610e84262A278e0aca36d32E08b822CC80FA5b85','0xeDc6f325639eEc7186E1Ddd702BFd6cCbe58c22B',1,0,'0x17d72119a879af8ec3a2798fefbd39f924238f4da5431efc2d1aea4e07ab0242','2023-03-16 07:19:37',NULL);
/*!40000 ALTER TABLE `token_activity` ENABLE KEYS */;
UNLOCK TABLES;

--
-- Table structure for table `user_bank_details`
--

DROP TABLE IF EXISTS `user_bank_details`;
/*!40101 SET @saved_cs_client     = @@character_set_client */;
/*!50503 SET character_set_client = utf8mb4 */;
CREATE TABLE `user_bank_details` (
  `id` int NOT NULL AUTO_INCREMENT,
  `user_id` int NOT NULL,
  `bank_name` varchar(100) NOT NULL,
  `account_holder_name` varchar(45) NOT NULL,
  `account_no` varchar(45) NOT NULL,
  `bank_ifsc_code` varchar(45) NOT NULL,
  `branch_name` varchar(255) NOT NULL,
  `cheque_image` varchar(100) NOT NULL,
  `bank_verification_status` enum('PENDING','ACCEPTED','REJECTED') DEFAULT 'PENDING',
  `created_at` timestamp NOT NULL DEFAULT CURRENT_TIMESTAMP,
  `updated_at` timestamp NULL DEFAULT NULL,
  PRIMARY KEY (`id`)
) ENGINE=InnoDB AUTO_INCREMENT=18 DEFAULT CHARSET=utf8mb4 COLLATE=utf8mb4_0900_ai_ci;
/*!40101 SET character_set_client = @saved_cs_client */;

--
-- Dumping data for table `user_bank_details`
--

LOCK TABLES `user_bank_details` WRITE;
/*!40000 ALTER TABLE `user_bank_details` DISABLE KEYS */;
INSERT INTO `user_bank_details` VALUES (8,41,'sbi','Kalika','78523698547','741lsdfkjs12','indore','aff2b2b60056fa87af7419babddad779.jpeg','ACCEPTED','2023-02-14 14:36:39','2023-03-07 08:12:25'),(9,57,'STATE BANK OF INDIA','ULHAS VITTHAL TAMBE','30808941098','SBIN000486','HADAPSAR','c65583296dad4adbc7411d4eddbeabfe.jpg','ACCEPTED','2023-02-14 14:36:39',NULL),(14,60,'SBI','test','7898568525825','SDD612152','test1','7c127b21bfed4f7af03af7c39b9220ef','PENDING','2023-03-06 18:21:01','2023-03-13 18:47:41'),(15,69,'State Bank of india','Kalika Prasad','30808941095','SBIN0000496','Vasant Vihar','3bbe49c1e0f0890bf3f74ff67d843f2c.jpg','PENDING','2023-03-07 11:36:58','2023-03-07 11:47:36'),(16,73,'Sbi','Sahil solank','34518683077','SBIN0001306','SBI','52da13a332ed4e8caa6ae2bb2bb8835b.png','PENDING','2023-03-10 13:06:52','2023-03-10 14:19:48'),(17,76,'sbi','Sahil solank','34518683079','SBIN0001308','Sbi','f52a02a3aa0ab607ea42b98d092718ab.png','PENDING','2023-03-11 07:34:05',NULL);
/*!40000 ALTER TABLE `user_bank_details` ENABLE KEYS */;
UNLOCK TABLES;

--
-- Table structure for table `user_kyc`
--

DROP TABLE IF EXISTS `user_kyc`;
/*!40101 SET @saved_cs_client     = @@character_set_client */;
/*!50503 SET character_set_client = utf8mb4 */;
CREATE TABLE `user_kyc` (
  `id` int NOT NULL AUTO_INCREMENT,
  `user_id` int NOT NULL,
  `user_aadhar_no` text,
  `user_pancard` varchar(45) DEFAULT NULL,
  `created_at` timestamp NULL DEFAULT CURRENT_TIMESTAMP,
  `updated_at` timestamp NULL DEFAULT NULL,
  PRIMARY KEY (`id`)
) ENGINE=InnoDB AUTO_INCREMENT=20 DEFAULT CHARSET=utf8mb4 COLLATE=utf8mb4_0900_ai_ci;
/*!40101 SET character_set_client = @saved_cs_client */;

--
-- Dumping data for table `user_kyc`
--

LOCK TABLES `user_kyc` WRITE;
/*!40000 ALTER TABLE `user_kyc` DISABLE KEYS */;
INSERT INTO `user_kyc` VALUES (5,41,'{\"fullName\":\"Shivam Chourasiya\",\"DOB\":\"1996-07-03\",\"gender\":\"M\",\"address\":{\"country\":\"India\",\"dist\":\"Raisen\",\"state\":\"Madhya Pradesh\",\"po\":\"Goharganj\",\"loc\":\"\",\"vtc\":\"Goharganj\",\"subdist\":\"Goharganj\",\"street\":\"Gram - amoda\",\"house\":\"House Num - 4/1\",\"landmark\":\"Tehsil - Goharganj\"},\"fatherName\":\"S/O: Narayan Prasad Chourasiya\"}','EPJPP9051N','2023-02-13 14:40:21',NULL),(6,57,'{\"fullName\":\"Shivam Chourasiya\",\"DOB\":\"1996-07-03\",\"gender\":\"M\",\"address\":{\"country\":\"India\",\"dist\":\"Raisen\",\"state\":\"Madhya Pradesh\",\"po\":\"Goharganj\",\"loc\":\"\",\"vtc\":\"Goharganj\",\"subdist\":\"Goharganj\",\"street\":\"Gram - amoda\",\"house\":\"House Num - 4/1\",\"landmark\":\"Tehsil - Goharganj\"},\"fatherName\":\"S/O: Narayan Prasad Chourasiya\"}','EPJPP9051N','2023-02-13 14:40:21',NULL),(15,60,'{\"fullName\":\"Shriprasad Bhalchandra Wable\",\"DOB\":\"1999-05-04\",\"gender\":\"M\",\"address\":{\"country\":\"India\",\"dist\":\"Pune\",\"state\":\"Maharashtra\",\"po\":\"Hadapsar\",\"loc\":\"kale borate nagar, hadapsar, pune 28\",\"vtc\":\"Pune City\",\"subdist\":\"Pune City\",\"street\":\"\",\"house\":\"s no 37, vrundavan colony\",\"landmark\":\"near gajanan maharaj temple\"},\"fatherName\":null}','AEUPW8774M','2023-03-03 19:24:08',NULL),(16,59,'{\"fullName\":\"Anil Dattatray Mundhe\",\"DOB\":\"1992-11-11\",\"gender\":\"M\",\"address\":{\"country\":\"India\",\"dist\":\"Pune\",\"state\":\"Maharashtra\",\"po\":\"Narayangaon\",\"loc\":\"Warulwadi\",\"vtc\":\"Narayangaon\",\"subdist\":\"\",\"street\":\"\",\"house\":\"Amrutwel Niwas\",\"landmark\":\"near bhagyeshwar Tower\"},\"fatherName\":null}','BRDPM0182N','2023-03-05 04:35:03',NULL),(17,69,'{\"fullName\":\"Kalika Prasad Mishra\",\"DOB\":\"1991-06-14\",\"gender\":\"M\",\"address\":{\"country\":\"India\",\"dist\":\"Indore\",\"state\":\"Madhya Pradesh\",\"po\":\"Vijay Nagar\",\"loc\":\"\",\"vtc\":\"Indore\",\"subdist\":\"Indore\",\"street\":\"\",\"house\":\"\",\"landmark\":\"B-217 veena nagar\"},\"fatherName\":null}','BXOPM2488Q','2023-03-07 11:33:40',NULL),(18,70,'{\"fullName\":\"Sahil Solanki\",\"DOB\":\"1998-02-19\",\"gender\":\"M\",\"address\":{\"country\":\"India\",\"dist\":\"Burhanpur\",\"state\":\"Madhya Pradesh\",\"po\":\"Nepanagar\",\"loc\":\"S.b.i. Colony\",\"vtc\":\"Nepanagar Ward No.1\",\"subdist\":\"\",\"street\":\"\",\"house\":\"Makan No. D. 6\",\"landmark\":\"\"},\"fatherName\":null}','LOYPS9304E','2023-03-07 12:46:49',NULL),(19,73,'{\"fullName\":\"Sahil Solanki\",\"DOB\":\"1998-02-19\",\"gender\":\"M\",\"address\":{\"country\":\"India\",\"dist\":\"Burhanpur\",\"state\":\"Madhya Pradesh\",\"po\":\"Nepanagar\",\"loc\":\"S.b.i. Colony\",\"vtc\":\"Nepanagar Ward No.1\",\"subdist\":\"\",\"street\":\"\",\"house\":\"Makan No. D. 6\",\"landmark\":\"\"},\"fatherName\":null}','LOYPS9304E','2023-03-09 06:28:32',NULL);
/*!40000 ALTER TABLE `user_kyc` ENABLE KEYS */;
UNLOCK TABLES;

--
-- Table structure for table `user_masters`
--

DROP TABLE IF EXISTS `user_masters`;
/*!40101 SET @saved_cs_client     = @@character_set_client */;
/*!50503 SET character_set_client = utf8mb4 */;
CREATE TABLE `user_masters` (
  `user_id` int NOT NULL AUTO_INCREMENT,
  `user_full_name` varchar(255) DEFAULT NULL,
  `user_email` varchar(255) DEFAULT NULL,
  `user_password` varchar(255) DEFAULT NULL,
  `user_phone` varchar(50) DEFAULT NULL,
  `user_status` tinyint NOT NULL DEFAULT '0',
  `wallet_address` varchar(100) DEFAULT NULL,
  `nonce` int DEFAULT NULL,
  `is_phone_verified` tinyint DEFAULT '0',
  `user_type` enum('ADMIN','USER','AGENT') DEFAULT NULL,
  `is_email_verified` tinyint DEFAULT '0',
  `is_kyc_completed` tinyint DEFAULT '0',
  `created_at` timestamp NOT NULL DEFAULT CURRENT_TIMESTAMP,
  `updated_at` timestamp NULL DEFAULT NULL,
  PRIMARY KEY (`user_id`)
) ENGINE=InnoDB AUTO_INCREMENT=82 DEFAULT CHARSET=utf8mb4 COLLATE=utf8mb4_0900_ai_ci;
/*!40101 SET character_set_client = @saved_cs_client */;

--
-- Dumping data for table `user_masters`
--

LOCK TABLES `user_masters` WRITE;
/*!40000 ALTER TABLE `user_masters` DISABLE KEYS */;
INSERT INTO `user_masters` VALUES (1,'admin','admin.property@gmail.com','f9277477fc6238b01456aa4084edb202','2345678554',1,'0x610e84262A278e0aca36d32E08b822CC80FA5b85',110738,0,'ADMIN',0,NULL,'2023-01-24 13:56:51',NULL),(41,'Kalika Prasad Mishra','kalikawebbuddy@gmail.com','1de52961c3a824453fd18895eba7a9b0','9827041963',1,'0xeDc6f325639eEc7186E1Ddd702BFd6cCbe58c22B',105967,1,'USER',1,1,'2023-02-06 12:23:35',NULL),(57,'ULHAS VITTHAL TAMBE','ulhastambe9@gmail.com','a54c1b04e523440415dded6193b50e31','9890705238',1,'0x5bBCd2d5eF24E3F25f3795dac5f6B3999028E479',132860,1,'USER',1,1,'2023-02-28 11:23:15',NULL),(58,'Parag Ingole','parag.ingole@gmail.com','b28a688dbb593a4190befc08a1ee0a1c','9975490267',1,NULL,NULL,0,'USER',1,0,'2023-03-02 12:49:44',NULL),(59,'Anil Dattatraya Mundhe','Anilmundhe111@gmail.com','da545ebe8b71aff824d1bd2b718d7326','7276199003',1,'0xac2E92bb2da307A28E807E56929836A39e664a5f',189713,1,'USER',1,1,'2023-03-03 16:27:27',NULL),(60,'Shriprasad Bhalchandra Wable','shriprasadbwable@gmail.com','e372712ef24f7fbeae98a02666cd7aaf','8788610504',1,'0x610e84262A278e0aca36d32E08b822CC80FA5b85',110738,1,'USER',1,1,'2023-03-03 19:20:41',NULL),(61,'Raju sahebrao barate','rrb7741821199@gmail.com','e7acde79f3d4358b828da526a198e031','9284540532',1,'0xac2E92bb2da307A28E807E56929836A39e664a5f',189713,0,'USER',0,0,'2023-03-04 06:34:42',NULL),(62,'Gaurav','sharmagaurav_78@yahoo.co.in','8787dbc19ade9331d08ff78837b348b4','9881104544',1,NULL,NULL,0,'USER',1,0,'2023-03-05 03:18:57',NULL),(63,'Pratish patwardhan','patwardhan.kp.pratish@gmail.com','6cda9f515f4fb8b0b3e3d996ca4e59fc','9325263019',1,NULL,NULL,0,'USER',1,0,'2023-03-05 05:03:34',NULL),(64,'Siddhanth Jain','siddhanthtwitter@gmail.com','6f2fe978f3f95508c4a9ac0383b31641','9890040705',1,NULL,NULL,0,'USER',1,0,'2023-03-05 05:56:36',NULL),(65,'Siddhanth Jain','siddhanth.a.jain@gmail.com','6f2fe978f3f95508c4a9ac0383b31641','7499894912',1,NULL,NULL,0,'USER',0,0,'2023-03-05 06:00:40',NULL),(66,'Chetan','chetan23011988@gmail.com','82e29ae156f4079b8d76ab7cb83485d0','7507778209',1,NULL,NULL,0,'USER',1,0,'2023-03-05 06:14:32',NULL),(67,'Prasanna','pashj5@gmail.com','cc561cede2455f96903832f5188621e0','8600106086',1,NULL,NULL,0,'USER',1,0,'2023-03-05 07:09:45',NULL),(68,'AMITKUMAR DADABHAU ARUDE','aamit5726@gmail.com','d5acc9357b2b7ff3df1024b0e718b4c3','9890639054',1,'0xBC09b44d0Df0de0A5744ADa5267dc6Be4991646e',106962,0,'USER',1,0,'2023-03-06 18:15:44',NULL),(69,'Kalika Prasad Mishra','kalika.mongoosetech@gmail.com','1de52961c3a824453fd18895eba7a9b0','9827041964',1,'0xE83f1ECc88ECb2198ba9632E4B72AbB683E169aF',137846,1,'USER',1,1,'2023-03-07 11:09:11',NULL),(70,'Sahil Solanki','sahildxdx@gmail.com','b4e9de345b55108c3ab0ebe7474597d2','7000276337',1,'0x5B6d4dC1CEC3F5fcFB6A5B7A8c7e79C6789defac',144004,0,'USER',0,0,'2023-03-07 12:36:21',NULL),(71,'sahil solanki ','sahilsolanki.mongoosetech@gmail.com','51e9cd16df47c9a0dabf5291e701b03d','7748070615',1,NULL,NULL,0,'USER',0,0,'2023-03-07 12:48:00',NULL),(72,'Vedant Arun Bagri ','vedantbagri@gmail.com','7698975c974e67c58ce88997b08c9199','9960560935',1,NULL,NULL,0,'USER',1,0,'2023-03-09 04:13:57',NULL),(73,'sahilsolanki','cochingsir@gmail.com','f78593b51901266e705315f373076a6e','7000276339',1,'0x5B6d4dC1CEC3F5fcFB6A5B7A8c7e79C6789defac',195289,1,'USER',1,1,'2023-03-09 06:19:47',NULL),(74,'swa radha','swaraadha@gmail.com','9f1392adba77548d97f7a6be8cd35f29','8380933966',1,'0xA4629e5f247Eb37913e64b7d1115Bc52501F1Da5',160131,1,'USER',1,0,'2023-03-09 07:08:21',NULL),(75,'sahilsolanki','ko@gmail.com','f78593b51901266e705315f373076a6e','7748070669',1,NULL,NULL,0,'USER',0,0,'2023-03-11 07:31:05',NULL),(76,'Sahil Solanki','morocco2@mailinator.com','c31b77707fa5728043db7be2a004d9d8','7748071615',1,'0x5B6d4dC1CEC3F5fcFB6A5B7A8c7e79C6789defac',117287,0,'USER',0,0,'2023-03-11 07:31:59',NULL),(77,'Prithviraj ','prithvirajkdm91@gmail.com','31545c567f50d24611ab2e69d85eb3c7','7798999077',1,'0xa914835F10BaE44D6BAB9C5E623543E87fF018DF',109124,0,'USER',1,0,'2023-03-11 13:03:02',NULL),(78,'Irav Dev','irav.dev@gmail.com','407dbbdde1b51ce33a61629e6d91e66d','9876543210',1,NULL,NULL,0,'USER',1,0,'2023-03-13 12:28:58',NULL),(79,'Abhishek','abhishekaag1234@gmail.com','b392e4829d0d6b7b8994dff958a07a74','9960518961',1,NULL,NULL,0,'USER',0,0,'2023-03-18 03:02:26',NULL),(80,'RUCHITA HANUMANT SHINDE','ruchashinde66@gmail.com','df5fc1fe695850f7be67e41210f9f221','9673804264',1,NULL,NULL,0,'USER',0,0,'2023-03-21 07:43:52',NULL),(81,'Raman Prajapat','raman.mongoosetech@gmail.com','6989008ea58ca3a1f10e633236792580','7412589656',1,'0xeDc6f325639eEc7186E1Ddd702BFd6cCbe58c22B',119343,0,'USER',1,0,'2023-03-21 09:48:41',NULL);
/*!40000 ALTER TABLE `user_masters` ENABLE KEYS */;
UNLOCK TABLES;

--
-- Table structure for table `whitelist_address`
--

DROP TABLE IF EXISTS `whitelist_address`;
/*!40101 SET @saved_cs_client     = @@character_set_client */;
/*!50503 SET character_set_client = utf8mb4 */;
CREATE TABLE `whitelist_address` (
  `id` int NOT NULL AUTO_INCREMENT,
  `user_id` int NOT NULL,
  `status` enum('PENDING','APPROVED','REJECTED') NOT NULL DEFAULT 'PENDING',
  `created_at` timestamp NOT NULL DEFAULT CURRENT_TIMESTAMP,
  `updated_at` timestamp NULL DEFAULT NULL,
  PRIMARY KEY (`id`)
) ENGINE=InnoDB AUTO_INCREMENT=15 DEFAULT CHARSET=utf8mb4 COLLATE=utf8mb4_0900_ai_ci;
/*!40101 SET character_set_client = @saved_cs_client */;

--
-- Dumping data for table `whitelist_address`
--

LOCK TABLES `whitelist_address` WRITE;
/*!40000 ALTER TABLE `whitelist_address` DISABLE KEYS */;
INSERT INTO `whitelist_address` VALUES (8,41,'APPROVED','2023-02-28 11:45:23',NULL),(9,57,'APPROVED','2023-02-28 11:45:23',NULL),(10,59,'APPROVED','2023-03-06 08:20:27',NULL),(11,60,'APPROVED','2023-03-06 18:21:48',NULL),(12,69,'APPROVED','2023-03-07 11:39:24',NULL),(13,73,'APPROVED','2023-03-10 12:36:14',NULL),(14,76,'PENDING','2023-03-11 07:34:15',NULL);
/*!40000 ALTER TABLE `whitelist_address` ENABLE KEYS */;
UNLOCK TABLES;
/*!40103 SET TIME_ZONE=@OLD_TIME_ZONE */;

/*!40101 SET SQL_MODE=@OLD_SQL_MODE */;
/*!40014 SET FOREIGN_KEY_CHECKS=@OLD_FOREIGN_KEY_CHECKS */;
/*!40014 SET UNIQUE_CHECKS=@OLD_UNIQUE_CHECKS */;
/*!40101 SET CHARACTER_SET_CLIENT=@OLD_CHARACTER_SET_CLIENT */;
/*!40101 SET CHARACTER_SET_RESULTS=@OLD_CHARACTER_SET_RESULTS */;
/*!40101 SET COLLATION_CONNECTION=@OLD_COLLATION_CONNECTION */;
/*!40111 SET SQL_NOTES=@OLD_SQL_NOTES */;

-- Dump completed on 2023-03-23 17:00:21
